,Estim(XGBClassifier)_Imputer(IterativeImputer(<class 'sklearn.linear_model._bayes.BayesianRidge'>)),Estim(XGBClassifier)_Imputer(IterativeImputer(<class 'xgboost.sklearn.XGBRegressor'>)),Estim(XGBClassifier)_Imputer(IterativeImputer(<class 'sklearn.ensemble._forest.RandomForestRegressor'>)),Estim(XGBClassifier)_Imputer(KNNImputer),Estim(RandomForestClassifier)_Imputer(IterativeImputer(<class 'sklearn.linear_model._bayes.BayesianRidge'>)),Estim(RandomForestClassifier)_Imputer(IterativeImputer(<class 'xgboost.sklearn.XGBRegressor'>)),Estim(RandomForestClassifier)_Imputer(IterativeImputer(<class 'sklearn.ensemble._forest.RandomForestRegressor'>)),Estim(RandomForestClassifier)_Imputer(KNNImputer),Estim(<class 'new_base.ClassifierWithImputation'>)_Imputer(Identity),Uniform Model Averaging,<class 'sklearn.ensemble._stacking.StackingClassifier'>,<class 'new_models.DEWClassifier'>_top_1,<class 'new_models.DEWClassifier'>_top_3,<class 'new_models.DEWClassifier'>_top_5,<class 'new_models.DEWClassifier'>_top_None
sensitivity,0.70134,0.64976,0.6431199999999999,0.69366,0.67168,0.65662,0.70926,0.67168,0.67884,0.71562,0.69206,0.74496,0.75926,0.76692,0.78864
specificity,0.71874,0.78752,0.7500199999999999,0.71872,0.73752,0.76876,0.775,0.80626,0.76248,0.79998,0.70624,0.7312799999999999,0.73752,0.73752,0.725
ppv,0.6824999999999999,0.72614,0.6978800000000001,0.68714,0.6896000000000001,0.7290800000000001,0.73348,0.7652,0.72296,0.76258,0.6861399999999999,0.70738,0.7167399999999999,0.7181,0.7150200000000001
npv,0.7382199999999999,0.7236,0.7096,0.7291399999999999,0.72532,0.72294,0.7619800000000001,0.74108,0.73316,0.76714,0.73546,0.76872,0.7853600000000001,0.78924,0.8004
gmean_sens_spec,0.7090000000000001,0.71506,0.69124,0.7036600000000001,0.70182,0.7066799999999999,0.73734,0.7328,0.7155,0.75454,0.69012,0.73748,0.74544,0.7502,0.75444
gmean_all_metrics,0.7093,0.7199,0.6970799999999999,0.7056,0.7043600000000001,0.7152799999999999,0.7419800000000001,0.74208,0.7213800000000001,0.75926,0.6992,0.73734,0.7475200000000001,0.75124,0.7552800000000001
roc_auc,0.77836,0.776,0.78582,0.7820799999999999,0.79626,0.79324,0.8021,0.81372,0.7998999999999999,0.83542,0.7537,0.78788,0.80892,0.8161200000000001,0.82294
accuracy,0.7106399999999999,0.7241200000000001,0.70068,0.70748,0.7072399999999999,0.71722,0.7441800000000001,0.74434,0.72414,0.7611000000000001,0.70046,0.7377,0.7477600000000001,0.75114,0.7544600000000001
