,Estim(XGBClassifier)_Imputer(IterativeImputer(<class 'sklearn.linear_model._bayes.BayesianRidge'>)),Estim(XGBClassifier)_Imputer(IterativeImputer(<class 'xgboost.sklearn.XGBRegressor'>)),Estim(XGBClassifier)_Imputer(IterativeImputer(<class 'sklearn.ensemble._forest.RandomForestRegressor'>)),Estim(XGBClassifier)_Imputer(KNNImputer),Estim(RandomForestClassifier)_Imputer(IterativeImputer(<class 'sklearn.linear_model._bayes.BayesianRidge'>)),Estim(RandomForestClassifier)_Imputer(IterativeImputer(<class 'xgboost.sklearn.XGBRegressor'>)),Estim(RandomForestClassifier)_Imputer(IterativeImputer(<class 'sklearn.ensemble._forest.RandomForestRegressor'>)),Estim(RandomForestClassifier)_Imputer(KNNImputer),Estim(<class 'new_base.ClassifierWithImputation'>)_Imputer(Identity),Uniform Model Averaging,<class 'sklearn.ensemble._stacking.StackingClassifier'>,<class 'new_models.DEWClassifier'>_top_1,<class 'new_models.DEWClassifier'>_top_3,<class 'new_models.DEWClassifier'>_top_5,<class 'new_models.DEWClassifier'>_top_None
sensitivity,0.68704,0.72328,0.745,0.7590000000000001,0.72354,0.73096,0.7447199999999999,0.7441800000000001,0.7592399999999999,0.75236,0.7008,0.72326,0.7449600000000001,0.7447,0.7449399999999999
specificity,0.76252,0.8187199999999999,0.8312200000000001,0.7999600000000001,0.83126,0.82498,0.79374,0.8125199999999999,0.79374,0.8187599999999999,0.7875,0.78752,0.81878,0.82502,0.8188000000000001
ppv,0.71774,0.77984,0.79064,0.77588,0.7878000000000001,0.78824,0.7622800000000001,0.77954,0.77102,0.78532,0.745,0.75616,0.7974,0.7976600000000001,0.79362
npv,0.74486,0.77758,0.7932,0.79532,0.7811999999999999,0.78184,0.7849200000000001,0.79168,0.79672,0.79686,0.7541599999999999,0.7678,0.7902399999999999,0.79166,0.7903
gmean_sens_spec,0.71804,0.76684,0.78636,0.77676,0.77328,0.77458,0.76692,0.7744800000000001,0.7721,0.7824800000000002,0.74148,0.75112,0.77556,0.7803199999999999,0.77676
gmean_all_metrics,0.72416,0.77244,0.78908,0.7806599999999999,0.77864,0.77952,0.76992,0.77954,0.7773,0.7864199999999999,0.74524,0.75616,0.7838999999999999,0.7868999999999999,0.78372
roc_auc,0.8296000000000001,0.8295600000000001,0.83698,0.86434,0.86188,0.85784,0.86202,0.87612,0.86198,0.87364,0.7911400000000001,0.8391,0.8602399999999999,0.86162,0.8734999999999999
accuracy,0.7276800000000001,0.77492,0.79154,0.78148,0.7815799999999999,0.78176,0.7714399999999999,0.78136,0.77814,0.7882,0.74776,0.7580199999999999,0.78498,0.7882,0.7849599999999999
