,Estim(XGBClassifier)_Imputer(IterativeImputer(<class 'sklearn.linear_model._bayes.BayesianRidge'>)),Estim(XGBClassifier)_Imputer(IterativeImputer(<class 'xgboost.sklearn.XGBRegressor'>)),Estim(XGBClassifier)_Imputer(IterativeImputer(<class 'sklearn.ensemble._forest.RandomForestRegressor'>)),Estim(XGBClassifier)_Imputer(KNNImputer),Estim(RandomForestClassifier)_Imputer(IterativeImputer(<class 'sklearn.linear_model._bayes.BayesianRidge'>)),Estim(RandomForestClassifier)_Imputer(IterativeImputer(<class 'xgboost.sklearn.XGBRegressor'>)),Estim(RandomForestClassifier)_Imputer(IterativeImputer(<class 'sklearn.ensemble._forest.RandomForestRegressor'>)),Estim(RandomForestClassifier)_Imputer(KNNImputer),Estim(<class 'new_base.ClassifierWithImputation'>)_Imputer(Identity),Uniform Model Averaging,<class 'sklearn.ensemble._stacking.StackingClassifier'>,<class 'new_models.DEWClassifier'>_top_1,<class 'new_models.DEWClassifier'>_top_3,<class 'new_models.DEWClassifier'>_top_5,<class 'new_models.DEWClassifier'>_top_None
sensitivity,0.6926,0.5976,0.61932,0.68626,0.63492,0.62114,0.6129800000000001,0.6426000000000001,0.67036,0.67804,0.7153400000000001,0.6714,0.6571400000000001,0.67882,0.66376
specificity,0.7625,0.76876,0.76874,0.7437400000000001,0.83126,0.8375199999999999,0.82502,0.82502,0.725,0.8187200000000001,0.71876,0.71874,0.7437799999999999,0.76248,0.75628
ppv,0.72336,0.6930799999999999,0.69758,0.69618,0.7655200000000001,0.76688,0.7531399999999999,0.76294,0.67504,0.76206,0.68498,0.67292,0.6868000000000001,0.71006,0.7022799999999999
npv,0.74448,0.69284,0.70526,0.73582,0.72696,0.72156,0.7143,0.72844,0.72202,0.75256,0.74762,0.718,0.71864,0.73558,0.725
gmean_sens_spec,0.7239,0.6755,0.68758,0.7138000000000001,0.7259599999999999,0.72014,0.7094599999999999,0.7279,0.69634,0.74272,0.71674,0.69452,0.69822,0.7190999999999999,0.7076
gmean_all_metrics,0.72848,0.68384,0.6943400000000001,0.71472,0.7357999999999999,0.7318,0.72112,0.73648,0.6972200000000001,0.74976,0.71614,0.69474,0.7003,0.72088,0.7104600000000001
roc_auc,0.8015599999999999,0.7651199999999999,0.7645000000000001,0.7692,0.8208400000000001,0.80242,0.7930999999999999,0.80556,0.7715200000000001,0.8145000000000001,0.7170599999999999,0.76376,0.78868,0.79162,0.8027999999999998
accuracy,0.73082,0.69022,0.7003,0.71722,0.7409199999999999,0.7377400000000001,0.7273,0.74102,0.70002,0.7542000000000001,0.71718,0.6969000000000001,0.70378,0.7240200000000001,0.71384
