,Estim(XGBClassifier)_Imputer(IterativeImputer(<class 'sklearn.linear_model._bayes.BayesianRidge'>)),Estim(XGBClassifier)_Imputer(IterativeImputer(<class 'xgboost.sklearn.XGBRegressor'>)),Estim(XGBClassifier)_Imputer(IterativeImputer(<class 'sklearn.ensemble._forest.RandomForestRegressor'>)),Estim(XGBClassifier)_Imputer(KNNImputer),Estim(RandomForestClassifier)_Imputer(IterativeImputer(<class 'sklearn.linear_model._bayes.BayesianRidge'>)),Estim(RandomForestClassifier)_Imputer(IterativeImputer(<class 'xgboost.sklearn.XGBRegressor'>)),Estim(RandomForestClassifier)_Imputer(IterativeImputer(<class 'sklearn.ensemble._forest.RandomForestRegressor'>)),Estim(RandomForestClassifier)_Imputer(KNNImputer),Estim(<class 'new_base.ClassifierWithImputation'>)_Imputer(Identity),Uniform Model Averaging,<class 'sklearn.ensemble._stacking.StackingClassifier'>,<class 'new_models.DEWClassifier'>_top_1,<class 'new_models.DEWClassifier'>_top_3,<class 'new_models.DEWClassifier'>_top_5,<class 'new_models.DEWClassifier'>_top_None
sensitivity,0.6643,0.7087399999999999,0.6354599999999999,0.71562,0.6060800000000001,0.60688,0.6574,0.67936,0.67884,0.709,0.7367600000000001,0.67938,0.66482,0.6799000000000001,0.71588
specificity,0.6375,0.74376,0.75628,0.69378,0.7500199999999999,0.8062400000000001,0.78124,0.79376,0.8062400000000001,0.8187599999999999,0.7062799999999999,0.7375,0.74376,0.73748,0.75
ppv,0.6141,0.70464,0.69262,0.66748,0.68362,0.7336600000000001,0.7277600000000001,0.73942,0.7521,0.77044,0.68262,0.69132,0.69082,0.68846,0.7162200000000001
npv,0.6880600000000001,0.75152,0.7103200000000001,0.74018,0.69078,0.70922,0.7276199999999999,0.7440599999999999,0.7470800000000001,0.76876,0.7600200000000001,0.73178,0.7244,0.73168,0.7567
gmean_sens_spec,0.64894,0.7243999999999999,0.69094,0.70426,0.67108,0.6955,0.7145400000000001,0.7333200000000001,0.73852,0.7606400000000001,0.7205599999999999,0.70518,0.7010400000000001,0.70684,0.73054
gmean_all_metrics,0.6494199999999999,0.72584,0.69596,0.70358,0.67872,0.70774,0.72062,0.73736,0.74384,0.76492,0.72036,0.708,0.70404,0.7081999999999999,0.73302
roc_auc,0.73298,0.75704,0.7640800000000001,0.75184,0.7665599999999999,0.78774,0.76678,0.7818799999999999,0.7928,0.8206199999999999,0.7589400000000001,0.7545599999999999,0.7886,0.8051,0.81692
accuracy,0.6500600000000001,0.7274200000000001,0.70052,0.70392,0.6838,0.7138399999999999,0.72396,0.7408400000000002,0.74746,0.76786,0.7205199999999999,0.71074,0.7074,0.71092,0.73436
