,Estim(XGBClassifier)_Imputer(IterativeImputer(<class 'sklearn.linear_model._bayes.BayesianRidge'>)),Estim(XGBClassifier)_Imputer(IterativeImputer(<class 'xgboost.sklearn.XGBRegressor'>)),Estim(XGBClassifier)_Imputer(IterativeImputer(<class 'sklearn.ensemble._forest.RandomForestRegressor'>)),Estim(XGBClassifier)_Imputer(KNNImputer),Estim(RandomForestClassifier)_Imputer(IterativeImputer(<class 'sklearn.linear_model._bayes.BayesianRidge'>)),Estim(RandomForestClassifier)_Imputer(IterativeImputer(<class 'xgboost.sklearn.XGBRegressor'>)),Estim(RandomForestClassifier)_Imputer(IterativeImputer(<class 'sklearn.ensemble._forest.RandomForestRegressor'>)),Estim(RandomForestClassifier)_Imputer(KNNImputer),Estim(<class 'new_base.ClassifierWithImputation'>)_Imputer(Identity),Uniform Model Averaging,<class 'sklearn.ensemble._stacking.StackingClassifier'>,<class 'new_models.DEWClassifier'>_top_1,<class 'new_models.DEWClassifier'>_top_3,<class 'new_models.DEWClassifier'>_top_5,<class 'new_models.DEWClassifier'>_top_None
sensitivity,0.6283,0.67858,0.6426000000000001,0.67854,0.6420600000000001,0.60662,0.591,0.6193,0.6717,0.65662,0.6859599999999999,0.62778,0.6280600000000001,0.6423400000000001,0.69336
specificity,0.65624,0.66876,0.71248,0.69374,0.71878,0.78752,0.8062400000000001,0.8,0.68126,0.7687200000000001,0.6875199999999999,0.66876,0.7125199999999999,0.725,0.7312200000000001
ppv,0.60786,0.64268,0.6548999999999999,0.6614,0.65768,0.71304,0.72236,0.7271599999999999,0.6464399999999999,0.70816,0.6551600000000001,0.62858,0.6554399999999999,0.6729,0.69848
npv,0.6766599999999999,0.7053200000000001,0.7026999999999999,0.71804,0.70606,0.7010399999999999,0.69852,0.71698,0.7080399999999999,0.7244400000000001,0.7209399999999999,0.67992,0.69594,0.7058,0.73848
gmean_sens_spec,0.6408799999999999,0.6720599999999999,0.67516,0.68232,0.677,0.68974,0.68826,0.6987,0.6747,0.7099400000000001,0.68458,0.64156,0.6643399999999999,0.67842,0.7082400000000001
gmean_all_metrics,0.64104,0.67258,0.6767199999999999,0.6854000000000001,0.67916,0.69804,0.6990400000000001,0.7097800000000001,0.67552,0.7130599999999999,0.68574,0.6471,0.66942,0.6832800000000001,0.71254
roc_auc,0.70142,0.72916,0.7222,0.71662,0.76482,0.7482599999999999,0.76016,0.7717600000000001,0.7374799999999999,0.78584,0.7146,0.6652,0.73692,0.7604599999999999,0.77288
accuracy,0.64316,0.67358,0.68036,0.6868000000000001,0.6834,0.70374,0.7071799999999999,0.71692,0.67696,0.7171200000000001,0.68684,0.64978,0.6734,0.68684,0.71368
