,Estim(XGBClassifier)_Imputer(IterativeImputer(<class 'sklearn.linear_model._bayes.BayesianRidge'>)),Estim(XGBClassifier)_Imputer(IterativeImputer(<class 'xgboost.sklearn.XGBRegressor'>)),Estim(XGBClassifier)_Imputer(IterativeImputer(<class 'sklearn.ensemble._forest.RandomForestRegressor'>)),Estim(XGBClassifier)_Imputer(KNNImputer),Estim(RandomForestClassifier)_Imputer(IterativeImputer(<class 'sklearn.linear_model._bayes.BayesianRidge'>)),Estim(RandomForestClassifier)_Imputer(IterativeImputer(<class 'xgboost.sklearn.XGBRegressor'>)),Estim(RandomForestClassifier)_Imputer(IterativeImputer(<class 'sklearn.ensemble._forest.RandomForestRegressor'>)),Estim(RandomForestClassifier)_Imputer(KNNImputer),Estim(<class 'new_base.ClassifierWithImputation'>)_Imputer(Identity),Uniform Model Averaging,<class 'sklearn.ensemble._stacking.StackingClassifier'>,<class 'new_models.DEWClassifier'>_top_1,<class 'new_models.DEWClassifier'>_top_3,<class 'new_models.DEWClassifier'>_top_5,<class 'new_models.DEWClassifier'>_top_None
sensitivity,0.54102,0.5626800000000001,0.44523999999999997,0.54048,0.55422,0.541,0.5478799999999999,0.5473600000000001,0.51112,0.55556,0.57698,0.4373,0.48888,0.5328,0.56242
specificity,0.68126,0.6749799999999999,0.64374,0.68126,0.70622,0.71248,0.75624,0.76248,0.67498,0.725,0.64374,0.6812400000000001,0.7,0.7,0.6875
ppv,0.58986,0.5930000000000001,0.5130800000000001,0.5886,0.6147799999999999,0.61662,0.65152,0.66396,0.56148,0.62824,0.57772,0.5322600000000001,0.58612,0.6067199999999999,0.6067199999999999
npv,0.64056,0.64796,0.57812,0.63972,0.6544800000000001,0.6489,0.6676200000000001,0.6641600000000001,0.6248199999999999,0.66218,0.6454199999999999,0.58948,0.61678,0.63796,0.6512
gmean_sens_spec,0.5995800000000001,0.61336,0.53054,0.60114,0.61726,0.6169600000000001,0.6399,0.6448,0.5794,0.6289200000000001,0.6057400000000001,0.53938,0.5786999999999999,0.60614,0.6168
gmean_all_metrics,0.6068399999999999,0.61654,0.5374,0.60686,0.62532,0.6244600000000001,0.6495,0.6540999999999999,0.58558,0.63672,0.60796,0.5490600000000001,0.5892999999999999,0.6136999999999999,0.62242
roc_auc,0.65162,0.63464,0.57096,0.63172,0.7052400000000001,0.66334,0.6582399999999999,0.6678,0.61886,0.6845800000000001,0.6255400000000001,0.5837,0.6371800000000001,0.66422,0.667
accuracy,0.61626,0.62312,0.55216,0.61594,0.6359999999999999,0.633,0.6599999999999999,0.66324,0.59932,0.64656,0.61268,0.5686399999999999,0.60228,0.6225400000000001,0.6294799999999999
