,Estim(XGBClassifier)_Imputer(IterativeImputer(<class 'sklearn.linear_model._bayes.BayesianRidge'>)),Estim(XGBClassifier)_Imputer(IterativeImputer(<class 'xgboost.sklearn.XGBRegressor'>)),Estim(XGBClassifier)_Imputer(IterativeImputer(<class 'sklearn.ensemble._forest.RandomForestRegressor'>)),Estim(XGBClassifier)_Imputer(KNNImputer),Estim(RandomForestClassifier)_Imputer(IterativeImputer(<class 'sklearn.linear_model._bayes.BayesianRidge'>)),Estim(RandomForestClassifier)_Imputer(IterativeImputer(<class 'xgboost.sklearn.XGBRegressor'>)),Estim(RandomForestClassifier)_Imputer(IterativeImputer(<class 'sklearn.ensemble._forest.RandomForestRegressor'>)),Estim(RandomForestClassifier)_Imputer(KNNImputer),Estim(<class 'new_base.ClassifierWithImputation'>)_Imputer(Identity),Uniform Model Averaging,<class 'sklearn.ensemble._stacking.StackingClassifier'>,<class 'new_models.DEWClassifier'>_top_1,<class 'new_models.DEWClassifier'>_top_3,<class 'new_models.DEWClassifier'>_top_5,<class 'new_models.DEWClassifier'>_top_None
sensitivity,0.67168,0.66456,0.6643,0.64364,0.67988,0.63544,0.71588,0.68784,0.7163999999999999,0.70926,0.64364,0.70952,0.73838,0.73838,0.74552
specificity,0.7625,0.68126,0.65624,0.73126,0.7562599999999999,0.77498,0.7937200000000001,0.7562599999999999,0.73124,0.77498,0.725,0.70624,0.74372,0.73124,0.76248
ppv,0.70914,0.64718,0.6268800000000001,0.67224,0.7067,0.70848,0.75476,0.70558,0.69448,0.7282,0.66762,0.67762,0.71334,0.70338,0.72994
npv,0.73044,0.70156,0.6946,0.7095800000000001,0.73676,0.7131000000000001,0.7671999999999999,0.74384,0.75292,0.75884,0.7074400000000001,0.74678,0.77106,0.7676,0.77914
gmean_sens_spec,0.7153600000000001,0.6712,0.65858,0.6837799999999999,0.71458,0.7012800000000001,0.75166,0.7187600000000001,0.72296,0.7407200000000002,0.68094,0.70308,0.7392,0.73304,0.7529
gmean_all_metrics,0.71746,0.6723600000000001,0.6590999999999999,0.68698,0.7177800000000001,0.7059200000000001,0.7558800000000001,0.7214,0.72296,0.7419800000000001,0.68386,0.70672,0.74018,0.7337,0.75336
roc_auc,0.77726,0.7470600000000001,0.7318999999999999,0.7590600000000001,0.80812,0.76692,0.8142199999999999,0.7925800000000001,0.77048,0.8136600000000002,0.68434,0.74644,0.7929,0.8012600000000001,0.8047600000000001
accuracy,0.7205600000000001,0.67384,0.6597999999999999,0.69062,0.7205600000000001,0.7104600000000001,0.75786,0.7243,0.72414,0.7444799999999999,0.68724,0.70712,0.74086,0.7341200000000001,0.75436
