,Estim(XGBClassifier)_Imputer(IterativeImputer(<class 'sklearn.linear_model._bayes.BayesianRidge'>)),Estim(XGBClassifier)_Imputer(IterativeImputer(<class 'xgboost.sklearn.XGBRegressor'>)),Estim(XGBClassifier)_Imputer(IterativeImputer(<class 'sklearn.ensemble._forest.RandomForestRegressor'>)),Estim(XGBClassifier)_Imputer(KNNImputer),Estim(RandomForestClassifier)_Imputer(IterativeImputer(<class 'sklearn.linear_model._bayes.BayesianRidge'>)),Estim(RandomForestClassifier)_Imputer(IterativeImputer(<class 'xgboost.sklearn.XGBRegressor'>)),Estim(RandomForestClassifier)_Imputer(IterativeImputer(<class 'sklearn.ensemble._forest.RandomForestRegressor'>)),Estim(RandomForestClassifier)_Imputer(KNNImputer),Estim(<class 'new_base.ClassifierWithImputation'>)_Imputer(Identity),Uniform Model Averaging,<class 'sklearn.ensemble._stacking.StackingClassifier'>,<class 'new_models.DEWClassifier'>_top_1,<class 'new_models.DEWClassifier'>_top_3,<class 'new_models.DEWClassifier'>_top_5,<class 'new_models.DEWClassifier'>_top_None
sensitivity,0.66482,0.69394,0.73758,0.73838,0.69394,0.73756,0.74498,0.6799000000000001,0.65716,0.7449600000000001,0.73838,0.6868000000000001,0.7095,0.70924,0.72354
specificity,0.74372,0.7437400000000001,0.74376,0.75,0.7875,0.8,0.8,0.79376,0.73748,0.76874,0.7499800000000001,0.7875,0.79998,0.76246,0.77498
ppv,0.6899599999999999,0.7059599999999999,0.71748,0.72066,0.74342,0.76674,0.77132,0.74938,0.6899,0.74238,0.7204200000000001,0.74366,0.7550800000000001,0.72476,0.74014
npv,0.72584,0.7371599999999999,0.76698,0.7674799999999999,0.74906,0.7791399999999999,0.78836,0.7421800000000001,0.7137600000000001,0.77546,0.76768,0.7436,0.7626000000000001,0.75182,0.7639400000000001
gmean_sens_spec,0.7002200000000001,0.7168,0.7392000000000001,0.744,0.73842,0.76712,0.7690600000000001,0.7323000000000001,0.69482,0.7558400000000001,0.74398,0.73472,0.75282,0.73488,0.74818
gmean_all_metrics,0.70372,0.71892,0.74032,0.7437600000000001,0.74208,0.76982,0.77378,0.7386,0.69802,0.7571,0.7437400000000001,0.73884,0.75566,0.73634,0.74986
roc_auc,0.7836000000000001,0.8107599999999999,0.7948799999999999,0.8067,0.8393600000000001,0.8405000000000001,0.8434800000000001,0.82114,0.7779,0.83278,0.7441800000000001,0.8005000000000001,0.8179000000000001,0.81824,0.8332999999999998
accuracy,0.7073,0.7209800000000001,0.7412000000000001,0.74468,0.74454,0.7714599999999999,0.7747399999999999,0.7414799999999999,0.70068,0.7581,0.7447000000000001,0.74126,0.7582000000000001,0.7380200000000001,0.75144
