,Estim(XGBClassifier)_Imputer(IterativeImputer(<class 'sklearn.linear_model._bayes.BayesianRidge'>)),Estim(XGBClassifier)_Imputer(IterativeImputer(<class 'xgboost.sklearn.XGBRegressor'>)),Estim(XGBClassifier)_Imputer(IterativeImputer(<class 'sklearn.ensemble._forest.RandomForestRegressor'>)),Estim(XGBClassifier)_Imputer(KNNImputer),Estim(RandomForestClassifier)_Imputer(IterativeImputer(<class 'sklearn.linear_model._bayes.BayesianRidge'>)),Estim(RandomForestClassifier)_Imputer(IterativeImputer(<class 'xgboost.sklearn.XGBRegressor'>)),Estim(RandomForestClassifier)_Imputer(IterativeImputer(<class 'sklearn.ensemble._forest.RandomForestRegressor'>)),Estim(RandomForestClassifier)_Imputer(KNNImputer),Estim(<class 'new_base.ClassifierWithImputation'>)_Imputer(Identity),Uniform Model Averaging,<class 'sklearn.ensemble._stacking.StackingClassifier'>,<class 'new_models.DEWClassifier'>_top_1,<class 'new_models.DEWClassifier'>_top_3,<class 'new_models.DEWClassifier'>_top_5,<class 'new_models.DEWClassifier'>_top_None
sensitivity,0.62804,0.6047800000000001,0.68572,0.5619,0.57012,0.6127,0.56138,0.56854,0.6349400000000001,0.64948,0.6206400000000001,0.5692999999999999,0.65686,0.64946,0.64234
specificity,0.78124,0.71248,0.725,0.76874,0.8,0.80002,0.79374,0.8188000000000001,0.6874800000000001,0.8187599999999999,0.71872,0.73124,0.74376,0.7750199999999999,0.78126
ppv,0.7137600000000001,0.65132,0.68422,0.67794,0.7217600000000001,0.7289399999999999,0.69936,0.73238,0.6426200000000001,0.7614400000000001,0.65836,0.6486400000000001,0.6926399999999999,0.71506,0.71824
npv,0.7118399999999999,0.6795,0.7339,0.67222,0.6864600000000001,0.7127000000000001,0.68046,0.692,0.6873,0.7317200000000001,0.6883600000000001,0.6648,0.71878,0.7234999999999999,0.7199000000000001
gmean_sens_spec,0.69858,0.6517,0.70124,0.65622,0.6706199999999999,0.69474,0.66614,0.67912,0.65716,0.72776,0.6665800000000001,0.6437,0.6962400000000001,0.70708,0.70672
gmean_all_metrics,0.70548,0.6581800000000001,0.70468,0.6653999999999999,0.68642,0.70714,0.67778,0.69506,0.66062,0.7367,0.66968,0.64996,0.7005600000000001,0.7129,0.71264
roc_auc,0.7500200000000001,0.7131399999999999,0.7658400000000001,0.69816,0.76108,0.7359199999999999,0.75094,0.74812,0.7366599999999999,0.79346,0.7396399999999999,0.7169599999999999,0.7495799999999999,0.77742,0.7857000000000001
accuracy,0.7105,0.66344,0.7072,0.6733,0.6935,0.71374,0.68678,0.7037,0.66356,0.7407,0.6734,0.65648,0.70362,0.71712,0.7172
