,Estim(XGBClassifier)_Imputer(IterativeImputer(<class 'sklearn.linear_model._bayes.BayesianRidge'>)),Estim(XGBClassifier)_Imputer(IterativeImputer(<class 'xgboost.sklearn.XGBRegressor'>)),Estim(XGBClassifier)_Imputer(IterativeImputer(<class 'sklearn.ensemble._forest.RandomForestRegressor'>)),Estim(XGBClassifier)_Imputer(KNNImputer),Estim(RandomForestClassifier)_Imputer(IterativeImputer(<class 'sklearn.linear_model._bayes.BayesianRidge'>)),Estim(RandomForestClassifier)_Imputer(IterativeImputer(<class 'xgboost.sklearn.XGBRegressor'>)),Estim(RandomForestClassifier)_Imputer(IterativeImputer(<class 'sklearn.ensemble._forest.RandomForestRegressor'>)),Estim(RandomForestClassifier)_Imputer(KNNImputer),Estim(<class 'new_base.ClassifierWithImputation'>)_Imputer(Identity),Uniform Model Averaging,<class 'sklearn.ensemble._stacking.StackingClassifier'>,<class 'new_models.DEWClassifier'>_top_1,<class 'new_models.DEWClassifier'>_top_3,<class 'new_models.DEWClassifier'>_top_5,<class 'new_models.DEWClassifier'>_top_None
sensitivity,0.61322,0.5037200000000001,0.52462,0.51746,0.56826,0.5259199999999999,0.48172,0.50344,0.49656,0.57592,0.53916,0.51084,0.5397000000000001,0.5619,0.56958
specificity,0.65624,0.6875199999999999,0.68122,0.675,0.7125,0.68126,0.675,0.76876,0.66874,0.7312200000000001,0.6625,0.66874,0.70624,0.7562599999999999,0.74376
ppv,0.6042799999999999,0.57844,0.5843200000000001,0.58918,0.6288199999999999,0.58606,0.5583,0.68428,0.5655,0.66204,0.6047,0.57316,0.62314,0.67,0.66528
npv,0.66752,0.6194,0.62732,0.6196,0.66234,0.62718,0.60492,0.6465,0.60894,0.67106,0.62026,0.61406,0.64054,0.6724,0.67044
gmean_sens_spec,0.63152,0.58704,0.5964400000000001,0.58348,0.63052,0.597,0.5674600000000001,0.6095200000000001,0.57182,0.63994,0.5817800000000001,0.5821400000000001,0.61296,0.64614,0.6444599999999999
gmean_all_metrics,0.63324,0.59274,0.6007999999999999,0.5933200000000001,0.6377,0.6014799999999999,0.57416,0.634,0.57904,0.65244,0.59626,0.5876,0.62198,0.65808,0.6556400000000001
roc_auc,0.6889200000000001,0.6222,0.63676,0.6247,0.6838799999999999,0.6676,0.63168,0.6890999999999999,0.6351600000000001,0.69954,0.6190800000000001,0.64462,0.67732,0.6849200000000001,0.687
accuracy,0.63654,0.6028999999999999,0.6092799999999999,0.60294,0.6464399999999999,0.60944,0.58582,0.64678,0.5892799999999999,0.66008,0.6064,0.5962,0.6297200000000001,0.6667799999999999,0.66356
