,Estim(XGBClassifier)_Imputer(IterativeImputer(<class 'sklearn.linear_model._bayes.BayesianRidge'>)),Estim(XGBClassifier)_Imputer(IterativeImputer(<class 'xgboost.sklearn.XGBRegressor'>)),Estim(XGBClassifier)_Imputer(IterativeImputer(<class 'sklearn.ensemble._forest.RandomForestRegressor'>)),Estim(XGBClassifier)_Imputer(KNNImputer),Estim(RandomForestClassifier)_Imputer(IterativeImputer(<class 'sklearn.linear_model._bayes.BayesianRidge'>)),Estim(RandomForestClassifier)_Imputer(IterativeImputer(<class 'xgboost.sklearn.XGBRegressor'>)),Estim(RandomForestClassifier)_Imputer(IterativeImputer(<class 'sklearn.ensemble._forest.RandomForestRegressor'>)),Estim(RandomForestClassifier)_Imputer(KNNImputer),Estim(<class 'new_base.ClassifierWithImputation'>)_Imputer(Identity),Uniform Model Averaging,<class 'sklearn.ensemble._stacking.StackingClassifier'>,<class 'new_models.DEWClassifier'>_top_1,<class 'new_models.DEWClassifier'>_top_3,<class 'new_models.DEWClassifier'>_top_5,<class 'new_models.DEWClassifier'>_top_None
sensitivity,0.70158,0.64284,0.66534,0.64946,0.67328,0.64282,0.71614,0.6643,0.6645399999999999,0.67196,0.65662,0.6862199999999999,0.7081999999999999,0.72276,0.70846
specificity,0.80002,0.76248,0.73124,0.77498,0.8062400000000001,0.8125,0.80626,0.84376,0.74376,0.8125,0.76874,0.7375,0.78124,0.75624,0.7500199999999999
ppv,0.75414,0.6999,0.6843199999999999,0.71382,0.7444200000000001,0.7508,0.76338,0.7864800000000001,0.68868,0.7548999999999999,0.71062,0.69216,0.73552,0.71956,0.7078200000000001
npv,0.75992,0.7135,0.72056,0.72306,0.7463200000000001,0.7265600000000001,0.7693800000000001,0.74574,0.724,0.74432,0.72536,0.7336199999999999,0.7586,0.76298,0.7525
gmean_sens_spec,0.74728,0.6998599999999999,0.69482,0.70746,0.73504,0.72178,0.7584799999999999,0.7482399999999999,0.7015800000000001,0.7379000000000001,0.7085999999999999,0.71078,0.74318,0.7376800000000001,0.72768
gmean_all_metrics,0.7518,0.7032200000000001,0.69814,0.7127800000000001,0.7400599999999999,0.7298600000000001,0.7621,0.75688,0.70374,0.7436,0.71312,0.71162,0.745,0.7391599999999999,0.7286600000000001
roc_auc,0.79374,0.77566,0.77138,0.7763200000000001,0.81982,0.81952,0.83256,0.82266,0.76266,0.82166,0.71268,0.792,0.8166800000000001,0.8172600000000001,0.8237200000000001
accuracy,0.75442,0.7073400000000001,0.7005000000000001,0.71728,0.74458,0.73426,0.7642800000000001,0.76106,0.7071799999999999,0.74764,0.71728,0.7139800000000001,0.7477,0.74098,0.73086
