,Estim(XGBClassifier)_Imputer(IterativeImputer(<class 'sklearn.linear_model._bayes.BayesianRidge'>)),Estim(XGBClassifier)_Imputer(IterativeImputer(<class 'xgboost.sklearn.XGBRegressor'>)),Estim(XGBClassifier)_Imputer(IterativeImputer(<class 'sklearn.ensemble._forest.RandomForestRegressor'>)),Estim(XGBClassifier)_Imputer(KNNImputer),Estim(RandomForestClassifier)_Imputer(IterativeImputer(<class 'sklearn.linear_model._bayes.BayesianRidge'>)),Estim(RandomForestClassifier)_Imputer(IterativeImputer(<class 'xgboost.sklearn.XGBRegressor'>)),Estim(RandomForestClassifier)_Imputer(IterativeImputer(<class 'sklearn.ensemble._forest.RandomForestRegressor'>)),Estim(RandomForestClassifier)_Imputer(KNNImputer),Estim(<class 'new_base.ClassifierWithImputation'>)_Imputer(Identity),Uniform Model Averaging,<class 'sklearn.ensemble._stacking.StackingClassifier'>,<class 'new_models.DEWClassifier'>_top_1,<class 'new_models.DEWClassifier'>_top_3,<class 'new_models.DEWClassifier'>_top_5,<class 'new_models.DEWClassifier'>_top_None
sensitivity,0.6278,0.62088,0.6658799999999999,0.57064,0.67222,0.59946,0.62196,0.61324,0.59948,0.6288199999999999,0.57806,0.75264,0.7238,0.70926,0.73094
specificity,0.7937200000000001,0.80622,0.78128,0.78126,0.8062799999999999,0.84374,0.85,0.8375,0.7437400000000001,0.8375,0.73124,0.73752,0.7937799999999999,0.79376,0.7625
ppv,0.73542,0.74202,0.7328,0.69908,0.75652,0.7660600000000001,0.7883,0.77874,0.6754,0.77858,0.66422,0.7205,0.76644,0.7662399999999999,0.74122
npv,0.71354,0.71112,0.72944,0.67724,0.74008,0.7113200000000001,0.72482,0.7152800000000001,0.68578,0.7226,0.6627,0.77484,0.7684,0.7547400000000001,0.76158
gmean_sens_spec,0.70326,0.70646,0.7190000000000001,0.6674599999999999,0.7353400000000001,0.7108,0.72492,0.7148399999999999,0.66206,0.7245199999999998,0.64918,0.7412,0.75426,0.7476800000000001,0.7433799999999999
gmean_all_metrics,0.7132200000000001,0.71602,0.72466,0.67744,0.7415,0.7243200000000001,0.7397199999999999,0.72986,0.6708000000000001,0.73686,0.65594,0.7439,0.76024,0.75356,0.74704
roc_auc,0.77514,0.7769799999999999,0.77378,0.7517600000000001,0.7995,0.80704,0.8116200000000001,0.78974,0.7626000000000001,0.8187999999999999,0.65464,0.79372,0.81006,0.8249199999999999,0.8209599999999998
accuracy,0.71758,0.72102,0.7281000000000001,0.68424,0.7446200000000001,0.73104,0.7448600000000001,0.7344200000000001,0.6773,0.7414,0.6608599999999999,0.7447600000000001,0.76174,0.7550799999999999,0.7482999999999999
