,Estim(XGBClassifier)_Imputer(IterativeImputer(<class 'sklearn.linear_model._bayes.BayesianRidge'>)),Estim(XGBClassifier)_Imputer(IterativeImputer(<class 'xgboost.sklearn.XGBRegressor'>)),Estim(XGBClassifier)_Imputer(IterativeImputer(<class 'sklearn.ensemble._forest.RandomForestRegressor'>)),Estim(XGBClassifier)_Imputer(KNNImputer),Estim(RandomForestClassifier)_Imputer(IterativeImputer(<class 'sklearn.linear_model._bayes.BayesianRidge'>)),Estim(RandomForestClassifier)_Imputer(IterativeImputer(<class 'xgboost.sklearn.XGBRegressor'>)),Estim(RandomForestClassifier)_Imputer(IterativeImputer(<class 'sklearn.ensemble._forest.RandomForestRegressor'>)),Estim(RandomForestClassifier)_Imputer(KNNImputer),Estim(<class 'new_base.ClassifierWithImputation'>)_Imputer(Identity),Uniform Model Averaging,<class 'sklearn.ensemble._stacking.StackingClassifier'>,<class 'new_models.DEWClassifier'>_top_1,<class 'new_models.DEWClassifier'>_top_3,<class 'new_models.DEWClassifier'>_top_5,<class 'new_models.DEWClassifier'>_top_None
sensitivity,0.65106,0.5417799999999999,0.55582,0.59842,0.5928599999999999,0.5915199999999999,0.6,0.5698399999999999,0.6513199999999999,0.6222,0.59154,0.6,0.59338,0.6225,0.62964
specificity,0.65,0.6312599999999999,0.5875,0.71872,0.71874,0.66876,0.69998,0.7375,0.6937599999999999,0.7625,0.7375,0.675,0.73124,0.7312200000000001,0.6937599999999999
ppv,0.61334,0.55008,0.53612,0.6488,0.63762,0.6086400000000001,0.6352800000000001,0.6598599999999999,0.6417,0.69058,0.66186,0.6134999999999999,0.65,0.66172,0.6351199999999999
npv,0.68832,0.6275000000000001,0.61124,0.6775,0.68092,0.65584,0.6760200000000001,0.66422,0.71616,0.70648,0.67932,0.67182,0.6856,0.70132,0.69236
gmean_sens_spec,0.64896,0.5792999999999999,0.5664,0.65368,0.64832,0.62732,0.64226,0.6471,0.6652000000000001,0.6855399999999999,0.65836,0.62964,0.6511,0.66826,0.6573000000000001
gmean_all_metrics,0.64924,0.5832200000000001,0.56928,0.65818,0.65346,0.62942,0.64838,0.65428,0.67096,0.69176,0.6642600000000001,0.6354000000000001,0.65896,0.6744,0.66002
roc_auc,0.7085600000000001,0.66306,0.62644,0.7108800000000001,0.70482,0.67688,0.70804,0.73132,0.73156,0.7435400000000001,0.72628,0.70226,0.74016,0.7464999999999999,0.7487400000000001
accuracy,0.6503,0.5896199999999999,0.5725999999999999,0.6633,0.66024,0.63306,0.6532199999999999,0.66024,0.6738000000000001,0.69738,0.67018,0.63978,0.66696,0.6803800000000001,0.66368
