,Estim(XGBClassifier)_Imputer(IterativeImputer(<class 'sklearn.linear_model._bayes.BayesianRidge'>)),Estim(XGBClassifier)_Imputer(IterativeImputer(<class 'xgboost.sklearn.XGBRegressor'>)),Estim(XGBClassifier)_Imputer(IterativeImputer(<class 'sklearn.ensemble._forest.RandomForestRegressor'>)),Estim(XGBClassifier)_Imputer(KNNImputer),Estim(RandomForestClassifier)_Imputer(IterativeImputer(<class 'sklearn.linear_model._bayes.BayesianRidge'>)),Estim(RandomForestClassifier)_Imputer(IterativeImputer(<class 'xgboost.sklearn.XGBRegressor'>)),Estim(RandomForestClassifier)_Imputer(IterativeImputer(<class 'sklearn.ensemble._forest.RandomForestRegressor'>)),Estim(RandomForestClassifier)_Imputer(KNNImputer),Estim(<class 'new_base.ClassifierWithImputation'>)_Imputer(Identity),Uniform Model Averaging,<class 'sklearn.ensemble._stacking.StackingClassifier'>,<class 'new_models.DEWClassifier'>_top_1,<class 'new_models.DEWClassifier'>_top_3,<class 'new_models.DEWClassifier'>_top_5,<class 'new_models.DEWClassifier'>_top_None
sensitivity,0.70794,0.7008,0.66506,0.73758,0.7005399999999999,0.69366,0.66376,0.6939,0.74472,0.7296199999999999,0.7375800000000001,0.7296199999999999,0.72936,0.73678,0.7219399999999999
specificity,0.78128,0.70624,0.69998,0.7437400000000001,0.7625,0.8,0.8062400000000001,0.7625,0.73126,0.78126,0.74998,0.75,0.7687200000000001,0.77498,0.7499800000000001
ppv,0.7384999999999999,0.67154,0.6551,0.7181599999999999,0.71896,0.7512,0.7489,0.72002,0.7042,0.74734,0.72658,0.71958,0.73888,0.7418199999999999,0.71584
npv,0.7586,0.73548,0.7094199999999999,0.7702800000000001,0.7487,0.75254,0.7382000000000001,0.74624,0.77286,0.773,0.7729199999999999,0.7639800000000001,0.77024,0.7759,0.76024
gmean_sens_spec,0.7423399999999999,0.70256,0.68212,0.7381,0.73002,0.7445600000000001,0.73042,0.7249399999999999,0.7366199999999999,0.75276,0.74002,0.73782,0.74598,0.7541399999999999,0.73406
gmean_all_metrics,0.7452,0.7026,0.6819,0.74048,0.7317600000000001,0.7480800000000001,0.73674,0.72866,0.737,0.75608,0.74402,0.73944,0.7497,0.75614,0.7357199999999999
roc_auc,0.80626,0.7837799999999999,0.77926,0.8059800000000001,0.80752,0.8075399999999998,0.8123799999999999,0.82332,0.8155000000000001,0.8382400000000001,0.7438,0.8028000000000001,0.8258599999999999,0.8352400000000001,0.8409000000000001
accuracy,0.7476400000000001,0.7036800000000001,0.68378,0.7409000000000001,0.73414,0.75092,0.74086,0.73094,0.73746,0.7577999999999999,0.7443000000000001,0.74082,0.75098,0.7576400000000001,0.7374
