,Estim(XGBClassifier)_Imputer(IterativeImputer(<class 'sklearn.linear_model._bayes.BayesianRidge'>)),Estim(XGBClassifier)_Imputer(IterativeImputer(<class 'xgboost.sklearn.XGBRegressor'>)),Estim(XGBClassifier)_Imputer(IterativeImputer(<class 'sklearn.ensemble._forest.RandomForestRegressor'>)),Estim(XGBClassifier)_Imputer(KNNImputer),Estim(RandomForestClassifier)_Imputer(IterativeImputer(<class 'sklearn.linear_model._bayes.BayesianRidge'>)),Estim(RandomForestClassifier)_Imputer(IterativeImputer(<class 'xgboost.sklearn.XGBRegressor'>)),Estim(RandomForestClassifier)_Imputer(IterativeImputer(<class 'sklearn.ensemble._forest.RandomForestRegressor'>)),Estim(RandomForestClassifier)_Imputer(KNNImputer),Estim(<class 'new_base.ClassifierWithImputation'>)_Imputer(Identity),Uniform Model Averaging,<class 'sklearn.ensemble._stacking.StackingClassifier'>,<class 'new_models.DEWClassifier'>_top_1,<class 'new_models.DEWClassifier'>_top_3,<class 'new_models.DEWClassifier'>_top_5,<class 'new_models.DEWClassifier'>_top_None
sensitivity,0.77434,0.75184,0.76772,0.7081999999999999,0.73012,0.7598,0.76666,0.73784,0.7968200000000001,0.7746000000000001,0.7224799999999999,0.77434,0.76696,0.7524,0.74524
specificity,0.825,0.83124,0.8125,0.7750199999999999,0.86876,0.8375199999999999,0.85,0.825,0.78124,0.8374600000000001,0.76254,0.80626,0.8124800000000001,0.82498,0.8187199999999999
ppv,0.79254,0.79938,0.779,0.7303599999999999,0.8290000000000001,0.80608,0.82356,0.78806,0.75494,0.8034800000000001,0.72416,0.7746999999999999,0.7779999999999999,0.7856,0.778
npv,0.81272,0.79696,0.80664,0.75686,0.7923,0.80244,0.8103999999999999,0.78586,0.8232800000000001,0.8143800000000001,0.76396,0.80892,0.8044399999999999,0.79726,0.7911
gmean_sens_spec,0.79794,0.7894,0.78772,0.7402,0.79498,0.7966999999999999,0.8051600000000001,0.77904,0.78738,0.8045200000000001,0.7411000000000001,0.7891199999999999,0.78868,0.7872,0.7804800000000001
gmean_all_metrics,0.8000400000000001,0.7933800000000001,0.79002,0.7418,0.80242,0.8001999999999999,0.8106,0.7828,0.78772,0.80662,0.74236,0.7902199999999999,0.7898200000000001,0.7892600000000001,0.78246
roc_auc,0.87964,0.86438,0.87134,0.8411200000000001,0.8910600000000001,0.88468,0.8908999999999999,0.86548,0.8580200000000001,0.8868199999999999,0.7543200000000001,0.8566800000000001,0.8675200000000001,0.87042,0.87758
accuracy,0.80152,0.7948000000000001,0.7917,0.74424,0.80488,0.8017,0.81182,0.78494,0.78826,0.80848,0.74424,0.7916399999999999,0.79154,0.79154,0.7848200000000001
