,Estim(XGBClassifier)_Imputer(IterativeImputer(<class 'sklearn.linear_model._bayes.BayesianRidge'>)),Estim(XGBClassifier)_Imputer(IterativeImputer(<class 'xgboost.sklearn.XGBRegressor'>)),Estim(XGBClassifier)_Imputer(IterativeImputer(<class 'sklearn.ensemble._forest.RandomForestRegressor'>)),Estim(XGBClassifier)_Imputer(KNNImputer),Estim(RandomForestClassifier)_Imputer(IterativeImputer(<class 'sklearn.linear_model._bayes.BayesianRidge'>)),Estim(RandomForestClassifier)_Imputer(IterativeImputer(<class 'xgboost.sklearn.XGBRegressor'>)),Estim(RandomForestClassifier)_Imputer(IterativeImputer(<class 'sklearn.ensemble._forest.RandomForestRegressor'>)),Estim(RandomForestClassifier)_Imputer(KNNImputer),Estim(<class 'new_base.ClassifierWithImputation'>)_Imputer(Identity),Uniform Model Averaging,<class 'sklearn.ensemble._stacking.StackingClassifier'>,<class 'new_models.DEWClassifier'>_top_1,<class 'new_models.DEWClassifier'>_top_3,<class 'new_models.DEWClassifier'>_top_5,<class 'new_models.DEWClassifier'>_top_None
sensitivity,0.78862,0.74498,0.78176,0.75186,0.7523799999999999,0.7523799999999999,0.7812,0.76668,0.75238,0.7891600000000001,0.75902,0.75236,0.78864,0.76668,0.76668
specificity,0.84374,0.77498,0.83124,0.79374,0.85,0.85,0.825,0.825,0.8187599999999999,0.83126,0.7875,0.8,0.80002,0.8062400000000001,0.79998
ppv,0.8164199999999999,0.74236,0.8045199999999999,0.763,0.8192,0.81394,0.80044,0.78996,0.79086,0.8054399999999999,0.75956,0.7677400000000001,0.77538,0.7796,0.77416
npv,0.82348,0.78006,0.8184799999999999,0.79314,0.7994399999999999,0.8006,0.81532,0.80754,0.7966200000000001,0.8233799999999999,0.79812,0.79258,0.81698,0.80328,0.8021
gmean_sens_spec,0.8149200000000001,0.7589,0.8039799999999999,0.76974,0.7984199999999999,0.7990200000000001,0.8008400000000002,0.7942400000000001,0.7811,0.8079000000000001,0.76998,0.7736000000000001,0.7929,0.7838800000000001,0.78078
gmean_all_metrics,0.81724,0.75984,0.8073799999999999,0.77338,0.80352,0.80296,0.8039799999999999,0.7963000000000001,0.78686,0.8107800000000001,0.77376,0.77656,0.7941800000000001,0.78722,0.78398
roc_auc,0.9018,0.8614200000000001,0.89236,0.8602399999999999,0.88918,0.88422,0.8860800000000001,0.8803799999999999,0.86524,0.89606,0.77324,0.85768,0.87508,0.8763,0.8855600000000001
accuracy,0.8184799999999999,0.76124,0.80854,0.7746999999999999,0.8051,0.8049800000000001,0.8049800000000001,0.79802,0.78826,0.81188,0.77468,0.7782,0.795,0.7882999999999999,0.78492
