,Estim(XGBClassifier)_Imputer(IterativeImputer(<class 'sklearn.linear_model._bayes.BayesianRidge'>)),Estim(XGBClassifier)_Imputer(IterativeImputer(<class 'xgboost.sklearn.XGBRegressor'>)),Estim(XGBClassifier)_Imputer(IterativeImputer(<class 'sklearn.ensemble._forest.RandomForestRegressor'>)),Estim(XGBClassifier)_Imputer(KNNImputer),Estim(RandomForestClassifier)_Imputer(IterativeImputer(<class 'sklearn.linear_model._bayes.BayesianRidge'>)),Estim(RandomForestClassifier)_Imputer(IterativeImputer(<class 'xgboost.sklearn.XGBRegressor'>)),Estim(RandomForestClassifier)_Imputer(IterativeImputer(<class 'sklearn.ensemble._forest.RandomForestRegressor'>)),Estim(RandomForestClassifier)_Imputer(KNNImputer),Estim(<class 'new_base.ClassifierWithImputation'>)_Imputer(Identity),Uniform Model Averaging,<class 'sklearn.ensemble._stacking.StackingClassifier'>,<class 'new_models.DEWClassifier'>_top_1,<class 'new_models.DEWClassifier'>_top_3,<class 'new_models.DEWClassifier'>_top_5,<class 'new_models.DEWClassifier'>_top_None
sensitivity,0.59762,0.6344000000000001,0.61958,0.6569,0.65502,0.64922,0.66456,0.65636,0.63546,0.6190599999999999,0.6643,0.6579200000000001,0.65716,0.67172,0.65688
specificity,0.7249800000000001,0.7375,0.7375,0.7875,0.7625,0.8062400000000001,0.82498,0.8187599999999999,0.78124,0.8062400000000001,0.77498,0.7874800000000001,0.7874800000000001,0.8062400000000001,0.79374
ppv,0.6494800000000001,0.68148,0.6738200000000001,0.72734,0.7037,0.75092,0.7716,0.76274,0.71718,0.7334,0.7188199999999999,0.72482,0.72698,0.74902,0.73306
npv,0.6796599999999999,0.7021999999999998,0.69588,0.72884,0.72798,0.7287000000000001,0.74382,0.73732,0.7143600000000001,0.71506,0.7299599999999999,0.73098,0.72956,0.7414400000000001,0.7304600000000001
gmean_sens_spec,0.65722,0.68204,0.6732800000000001,0.7185,0.70228,0.7219,0.7383,0.7305999999999999,0.70364,0.70426,0.71652,0.71882,0.71838,0.73572,0.72144
gmean_all_metrics,0.66074,0.6866,0.6787599999999999,0.7232000000000001,0.70868,0.7303200000000001,0.74738,0.73992,0.7094999999999999,0.7139399999999999,0.72034,0.72324,0.72314,0.7403799999999999,0.7264999999999999
roc_auc,0.76678,0.74358,0.7618400000000001,0.78802,0.77396,0.7864000000000001,0.81318,0.8018000000000001,0.7662,0.81624,0.7196400000000001,0.78072,0.81228,0.8290199999999999,0.8261800000000001
accuracy,0.6665,0.6903400000000001,0.6835199999999999,0.72736,0.7135,0.73414,0.75098,0.7442599999999999,0.71404,0.72034,0.72402,0.7275400000000001,0.72724,0.74414,0.7307400000000001
