,Estim(XGBClassifier)_Imputer(IterativeImputer(<class 'sklearn.linear_model._bayes.BayesianRidge'>)),Estim(XGBClassifier)_Imputer(IterativeImputer(<class 'xgboost.sklearn.XGBRegressor'>)),Estim(XGBClassifier)_Imputer(IterativeImputer(<class 'sklearn.ensemble._forest.RandomForestRegressor'>)),Estim(XGBClassifier)_Imputer(KNNImputer),Estim(RandomForestClassifier)_Imputer(IterativeImputer(<class 'sklearn.linear_model._bayes.BayesianRidge'>)),Estim(RandomForestClassifier)_Imputer(IterativeImputer(<class 'xgboost.sklearn.XGBRegressor'>)),Estim(RandomForestClassifier)_Imputer(IterativeImputer(<class 'sklearn.ensemble._forest.RandomForestRegressor'>)),Estim(RandomForestClassifier)_Imputer(KNNImputer),Estim(<class 'new_base.ClassifierWithImputation'>)_Imputer(Identity),Uniform Model Averaging,<class 'sklearn.ensemble._stacking.StackingClassifier'>,<class 'new_models.DEWClassifier'>_top_1,<class 'new_models.DEWClassifier'>_top_3,<class 'new_models.DEWClassifier'>_top_5,<class 'new_models.DEWClassifier'>_top_None
sensitivity,0.7664,0.76774,0.7373200000000001,0.74446,0.75926,0.7738200000000001,0.74498,0.7299200000000001,0.73706,0.75926,0.74446,0.76586,0.78094,0.8026399999999999,0.7952199999999999
specificity,0.8,0.7687200000000001,0.81878,0.7749600000000001,0.85,0.7874800000000001,0.82498,0.78126,0.81874,0.82498,0.7687200000000001,0.78126,0.78126,0.775,0.775
ppv,0.76896,0.7498400000000001,0.7782600000000001,0.74612,0.8166800000000001,0.76328,0.78856,0.74644,0.78376,0.7944000000000001,0.7413000000000001,0.75454,0.7629199999999999,0.76128,0.7597399999999999
npv,0.8046,0.79694,0.78738,0.78108,0.8074,0.8048200000000001,0.79332,0.7731600000000001,0.7874800000000001,0.8035,0.77958,0.80108,0.8073,0.82332,0.8185
gmean_sens_spec,0.78106,0.76496,0.7755400000000001,0.7575399999999999,0.80174,0.7787999999999999,0.78236,0.7534,0.7743,0.78918,0.75438,0.7705799999999999,0.77854,0.78606,0.78216
gmean_all_metrics,0.7834999999999999,0.7683,0.7789400000000001,0.76012,0.8065599999999999,0.78086,0.78634,0.7562,0.77952,0.7936,0.75692,0.7736,0.78126,0.78846,0.78492
roc_auc,0.86168,0.84134,0.84306,0.8390000000000001,0.8815999999999999,0.8627,0.86922,0.85526,0.83948,0.87866,0.7566200000000001,0.8382799999999999,0.85074,0.8628399999999999,0.8678600000000001
accuracy,0.7847,0.7679600000000001,0.78108,0.7612,0.8082999999999998,0.78136,0.7882,0.7577999999999999,0.7813599999999999,0.79492,0.7578600000000001,0.7745200000000001,0.78154,0.7882200000000001,0.7848200000000001
