,Estim(XGBClassifier)_Imputer(IterativeImputer(<class 'sklearn.linear_model._bayes.BayesianRidge'>)),Estim(XGBClassifier)_Imputer(IterativeImputer(<class 'xgboost.sklearn.XGBRegressor'>)),Estim(XGBClassifier)_Imputer(IterativeImputer(<class 'sklearn.ensemble._forest.RandomForestRegressor'>)),Estim(XGBClassifier)_Imputer(KNNImputer),Estim(RandomForestClassifier)_Imputer(IterativeImputer(<class 'sklearn.linear_model._bayes.BayesianRidge'>)),Estim(RandomForestClassifier)_Imputer(IterativeImputer(<class 'xgboost.sklearn.XGBRegressor'>)),Estim(RandomForestClassifier)_Imputer(IterativeImputer(<class 'sklearn.ensemble._forest.RandomForestRegressor'>)),Estim(RandomForestClassifier)_Imputer(KNNImputer),Estim(<class 'new_base.ClassifierWithImputation'>)_Imputer(Identity),Uniform Model Averaging,<class 'sklearn.ensemble._stacking.StackingClassifier'>,<class 'new_models.DEWClassifier'>_top_1,<class 'new_models.DEWClassifier'>_top_3,<class 'new_models.DEWClassifier'>_top_5,<class 'new_models.DEWClassifier'>_top_None
sensitivity,0.614,0.62646,0.56852,0.6582,0.5992,0.61296,0.5545,0.65,0.6,0.67172,0.66506,0.61376,0.64208,0.63466,0.6934
specificity,0.6312800000000001,0.59376,0.6875,0.6187799999999999,0.71874,0.6937200000000001,0.675,0.6999600000000001,0.6625,0.675,0.61878,0.6687200000000001,0.65624,0.66246,0.65624
ppv,0.5868,0.57966,0.60612,0.59914,0.6578,0.63468,0.5897,0.6513199999999999,0.59588,0.6415199999999999,0.6048,0.61128,0.6154999999999999,0.61638,0.63868
npv,0.65934,0.6533,0.65366,0.68438,0.67438,0.6760200000000001,0.64338,0.701,0.67702,0.7079,0.6853999999999999,0.68482,0.6933599999999999,0.69302,0.72314
gmean_sens_spec,0.62026,0.59964,0.62368,0.6321800000000001,0.6526000000000001,0.65148,0.6085,0.6733800000000001,0.61846,0.67096,0.63546,0.6286400000000001,0.6377400000000001,0.6349400000000001,0.6665399999999999
gmean_all_metrics,0.6210399999999999,0.6071,0.62654,0.63596,0.65888,0.6531800000000001,0.6121399999999999,0.67446,0.6264000000000001,0.67228,0.63932,0.63726,0.64508,0.6436999999999999,0.67256
roc_auc,0.6694399999999999,0.6365799999999999,0.65176,0.6869200000000001,0.69794,0.683,0.65684,0.72456,0.6775,0.7251199999999999,0.6700999999999999,0.68926,0.72048,0.72786,0.72866
accuracy,0.62322,0.6095599999999999,0.63284,0.63656,0.66356,0.65662,0.61944,0.67702,0.63328,0.67362,0.63978,0.64318,0.6497599999999999,0.64978,0.6735599999999999
