,Estim(XGBClassifier)_Imputer(IterativeImputer(<class 'sklearn.linear_model._bayes.BayesianRidge'>)),Estim(XGBClassifier)_Imputer(IterativeImputer(<class 'xgboost.sklearn.XGBRegressor'>)),Estim(XGBClassifier)_Imputer(IterativeImputer(<class 'sklearn.ensemble._forest.RandomForestRegressor'>)),Estim(XGBClassifier)_Imputer(KNNImputer),Estim(RandomForestClassifier)_Imputer(IterativeImputer(<class 'sklearn.linear_model._bayes.BayesianRidge'>)),Estim(RandomForestClassifier)_Imputer(IterativeImputer(<class 'xgboost.sklearn.XGBRegressor'>)),Estim(RandomForestClassifier)_Imputer(IterativeImputer(<class 'sklearn.ensemble._forest.RandomForestRegressor'>)),Estim(RandomForestClassifier)_Imputer(KNNImputer),Estim(<class 'new_base.ClassifierWithImputation'>)_Imputer(Identity),Uniform Model Averaging,<class 'sklearn.ensemble._stacking.StackingClassifier'>,<class 'new_models.DEWClassifier'>_top_1,<class 'new_models.DEWClassifier'>_top_3,<class 'new_models.DEWClassifier'>_top_5,<class 'new_models.DEWClassifier'>_top_None
sensitivity,0.78148,0.7963,0.77462,0.73044,0.7523799999999999,0.7524,0.72302,0.73044,0.7669400000000001,0.78148,0.73044,0.74444,0.73702,0.7515799999999999,0.75184
specificity,0.78124,0.8375,0.84372,0.7875,0.84376,0.86252,0.8499800000000001,0.8625,0.79998,0.8375,0.78752,0.8312200000000001,0.83124,0.83124,0.83124
ppv,0.76302,0.81572,0.8117599999999999,0.7494000000000001,0.8188000000000001,0.83862,0.8168600000000001,0.83414,0.7737999999999999,0.81518,0.7473799999999999,0.80148,0.7945599999999999,0.80076,0.8000399999999999
npv,0.8032,0.82812,0.8179399999999999,0.77428,0.79552,0.8006800000000001,0.78138,0.78682,0.7999,0.8150999999999999,0.77514,0.79334,0.7875200000000001,0.7974600000000001,0.79762
gmean_sens_spec,0.7804800000000001,0.81508,0.8064399999999999,0.75692,0.7956799999999999,0.80414,0.7820400000000001,0.79232,0.78178,0.8078,0.75708,0.7835799999999999,0.78126,0.78824,0.7885
gmean_all_metrics,0.78142,0.8181,0.8103,0.7592,0.80098,0.8112199999999999,0.78998,0.8006800000000001,0.78398,0.8111200000000001,0.759,0.78996,0.78592,0.7932600000000001,0.7932600000000001
roc_auc,0.8832800000000001,0.8814399999999999,0.87252,0.8577199999999999,0.88034,0.86866,0.87768,0.87514,0.8652200000000001,0.8888199999999999,0.75896,0.8724999999999999,0.88264,0.88018,0.88468
accuracy,0.7816599999999999,0.8187599999999999,0.81188,0.76144,0.80198,0.81206,0.79176,0.80192,0.78498,0.8119799999999999,0.76136,0.7916000000000001,0.7881400000000001,0.79492,0.79498
