,Estim(XGBClassifier)_Imputer(IterativeImputer(<class 'sklearn.linear_model._bayes.BayesianRidge'>)),Estim(XGBClassifier)_Imputer(IterativeImputer(<class 'xgboost.sklearn.XGBRegressor'>)),Estim(XGBClassifier)_Imputer(IterativeImputer(<class 'sklearn.ensemble._forest.RandomForestRegressor'>)),Estim(XGBClassifier)_Imputer(KNNImputer),Estim(RandomForestClassifier)_Imputer(IterativeImputer(<class 'sklearn.linear_model._bayes.BayesianRidge'>)),Estim(RandomForestClassifier)_Imputer(IterativeImputer(<class 'xgboost.sklearn.XGBRegressor'>)),Estim(RandomForestClassifier)_Imputer(IterativeImputer(<class 'sklearn.ensemble._forest.RandomForestRegressor'>)),Estim(RandomForestClassifier)_Imputer(KNNImputer),Estim(<class 'new_base.ClassifierWithImputation'>)_Imputer(Identity),Uniform Model Averaging,<class 'sklearn.ensemble._stacking.StackingClassifier'>,<class 'new_models.DEWClassifier'>_top_1,<class 'new_models.DEWClassifier'>_top_3,<class 'new_models.DEWClassifier'>_top_5,<class 'new_models.DEWClassifier'>_top_None
sensitivity,0.62698,0.5037,0.6344200000000001,0.6190399999999999,0.5770000000000001,0.50264,0.59206,0.57592,0.6060800000000001,0.65636,0.5973599999999999,0.6198400000000001,0.59736,0.59736,0.59736
specificity,0.6500199999999999,0.66874,0.6500199999999999,0.66876,0.6625,0.76876,0.65626,0.76872,0.71874,0.73752,0.66874,0.6875,0.70624,0.69372,0.6875
ppv,0.6072599999999999,0.56944,0.61102,0.62104,0.59392,0.6570400000000001,0.59932,0.6791,0.6509600000000001,0.68248,0.60766,0.63278,0.6418000000000001,0.6282599999999999,0.6248400000000001
npv,0.67426,0.61032,0.67482,0.6712,0.65038,0.64652,0.65994,0.68128,0.68028,0.7174200000000001,0.6607000000000001,0.6821200000000001,0.67784,0.67424,0.67174
gmean_sens_spec,0.63482,0.57876,0.6406000000000001,0.6389400000000001,0.61358,0.61364,0.61458,0.66364,0.65926,0.6939400000000001,0.6286200000000001,0.6482,0.64164,0.6366400000000001,0.63256
gmean_all_metrics,0.63722,0.5840200000000001,0.6412599999999999,0.64212,0.61738,0.63174,0.6213000000000001,0.6718,0.6622600000000001,0.6967000000000001,0.63102,0.65238,0.65012,0.64344,0.63982
roc_auc,0.6874800000000001,0.64082,0.6790400000000001,0.6767399999999999,0.6897800000000001,0.6807200000000001,0.6779400000000001,0.71098,0.7275,0.7329000000000001,0.66464,0.6996399999999999,0.71502,0.7198800000000001,0.72836
accuracy,0.63988,0.5925999999999999,0.643,0.64584,0.62284,0.6463399999999999,0.6263799999999999,0.67996,0.66684,0.7003,0.63584,0.65662,0.65654,0.64972,0.6462199999999999
