,Estim(XGBClassifier)_Imputer(IterativeImputer(<class 'sklearn.linear_model._bayes.BayesianRidge'>)),Estim(XGBClassifier)_Imputer(IterativeImputer(<class 'xgboost.sklearn.XGBRegressor'>)),Estim(XGBClassifier)_Imputer(IterativeImputer(<class 'sklearn.ensemble._forest.RandomForestRegressor'>)),Estim(XGBClassifier)_Imputer(KNNImputer),Estim(RandomForestClassifier)_Imputer(IterativeImputer(<class 'sklearn.linear_model._bayes.BayesianRidge'>)),Estim(RandomForestClassifier)_Imputer(IterativeImputer(<class 'xgboost.sklearn.XGBRegressor'>)),Estim(RandomForestClassifier)_Imputer(IterativeImputer(<class 'sklearn.ensemble._forest.RandomForestRegressor'>)),Estim(RandomForestClassifier)_Imputer(KNNImputer),Estim(<class 'new_base.ClassifierWithImputation'>)_Imputer(Identity),Uniform Model Averaging,<class 'sklearn.ensemble._stacking.StackingClassifier'>,<class 'new_models.DEWClassifier'>_top_1,<class 'new_models.DEWClassifier'>_top_3,<class 'new_models.DEWClassifier'>_top_5,<class 'new_models.DEWClassifier'>_top_None
sensitivity,0.6426000000000001,0.59074,0.5627,0.59128,0.61986,0.55452,0.57672,0.55424,0.6134999999999999,0.61296,0.59868,0.6198400000000001,0.6053,0.5976199999999999,0.56136
specificity,0.73748,0.6750200000000001,0.7125,0.65624,0.6812400000000001,0.76254,0.78126,0.7249800000000001,0.725,0.75624,0.65626,0.6624800000000001,0.6249800000000001,0.65626,0.6875
ppv,0.67756,0.61138,0.6288400000000001,0.5981799999999999,0.62294,0.6689,0.6963199999999999,0.65294,0.65492,0.68758,0.5995,0.6101599999999999,0.5809,0.59718,0.6113
npv,0.7087399999999999,0.6635000000000001,0.6565799999999999,0.6524,0.6793,0.66804,0.68606,0.65642,0.6907,0.70366,0.65678,0.6739,0.6499400000000001,0.65902,0.64884
gmean_sens_spec,0.6867000000000001,0.62592,0.6302800000000001,0.6206799999999999,0.64856,0.64836,0.6678,0.62562,0.66402,0.67288,0.62568,0.63838,0.613,0.62318,0.6165200000000001
gmean_all_metrics,0.68974,0.63116,0.63624,0.62258,0.6495199999999999,0.65818,0.679,0.6391600000000001,0.6681799999999999,0.68348,0.6265,0.6397799999999999,0.61372,0.6252000000000001,0.6228800000000001
roc_auc,0.73156,0.72786,0.6913600000000001,0.6638200000000001,0.74434,0.74228,0.7380199999999999,0.7204599999999999,0.73386,0.77002,0.6652600000000001,0.65066,0.70096,0.71232,0.7294799999999999
accuracy,0.6937800000000001,0.6363399999999999,0.64356,0.6264000000000001,0.6531199999999999,0.6668,0.68696,0.6465,0.6735599999999999,0.6903400000000001,0.6296799999999999,0.64306,0.6162799999999999,0.62954,0.62978
