,Estim(XGBClassifier)_Imputer(IterativeImputer(<class 'sklearn.linear_model._bayes.BayesianRidge'>)),Estim(XGBClassifier)_Imputer(IterativeImputer(<class 'xgboost.sklearn.XGBRegressor'>)),Estim(XGBClassifier)_Imputer(IterativeImputer(<class 'sklearn.ensemble._forest.RandomForestRegressor'>)),Estim(XGBClassifier)_Imputer(KNNImputer),Estim(RandomForestClassifier)_Imputer(IterativeImputer(<class 'sklearn.linear_model._bayes.BayesianRidge'>)),Estim(RandomForestClassifier)_Imputer(IterativeImputer(<class 'xgboost.sklearn.XGBRegressor'>)),Estim(RandomForestClassifier)_Imputer(IterativeImputer(<class 'sklearn.ensemble._forest.RandomForestRegressor'>)),Estim(RandomForestClassifier)_Imputer(KNNImputer),Estim(<class 'new_base.ClassifierWithImputation'>)_Imputer(Identity),Uniform Model Averaging,<class 'sklearn.ensemble._stacking.StackingClassifier'>,<class 'new_models.DEWClassifier'>_top_1,<class 'new_models.DEWClassifier'>_top_3,<class 'new_models.DEWClassifier'>_top_5,<class 'new_models.DEWClassifier'>_top_None
sensitivity,0.5045,0.55504,0.4976,0.46138,0.43148,0.4606,0.42485999999999996,0.42514,0.54022,0.50528,0.51902,0.48384,0.49761999999999995,0.47542,0.46088000000000007
specificity,0.6312599999999999,0.65624,0.625,0.6875199999999999,0.7,0.6937599999999999,0.70624,0.775,0.67502,0.76876,0.68748,0.70626,0.73124,0.76874,0.7875
ppv,0.5403800000000001,0.58024,0.5356799999999999,0.54958,0.56334,0.5714400000000001,0.5396799999999999,0.6197,0.5995600000000001,0.6516000000000001,0.57884,0.576,0.6123,0.63066,0.64246
npv,0.59766,0.63314,0.59018,0.60312,0.5870200000000001,0.59774,0.5972999999999999,0.61702,0.62786,0.6494399999999999,0.6308400000000001,0.62104,0.634,0.63568,0.63484
gmean_sens_spec,0.56184,0.6028,0.5533,0.5589599999999999,0.54432,0.5644600000000001,0.53882,0.5635999999999999,0.59944,0.61708,0.59232,0.57822,0.59806,0.59954,0.59636
gmean_all_metrics,0.5650000000000001,0.6043000000000001,0.55766,0.5672,0.55902,0.57408,0.55284,0.58958,0.6062199999999999,0.63302,0.5981799999999999,0.58786,0.6100999999999999,0.6159199999999999,0.6168
roc_auc,0.60114,0.61876,0.58484,0.635,0.60694,0.61954,0.6098600000000001,0.66814,0.6662399999999999,0.6690400000000001,0.64264,0.6255000000000001,0.65046,0.65596,0.65974
accuracy,0.57284,0.60938,0.56576,0.58294,0.5759000000000001,0.58616,0.5761200000000001,0.6131800000000001,0.61276,0.64666,0.60972,0.60326,0.62336,0.63324,0.63674
