,Estim(XGBClassifier)_Imputer(IterativeImputer(<class 'sklearn.linear_model._bayes.BayesianRidge'>)),Estim(XGBClassifier)_Imputer(IterativeImputer(<class 'xgboost.sklearn.XGBRegressor'>)),Estim(XGBClassifier)_Imputer(IterativeImputer(<class 'sklearn.ensemble._forest.RandomForestRegressor'>)),Estim(XGBClassifier)_Imputer(KNNImputer),Estim(RandomForestClassifier)_Imputer(IterativeImputer(<class 'sklearn.linear_model._bayes.BayesianRidge'>)),Estim(RandomForestClassifier)_Imputer(IterativeImputer(<class 'xgboost.sklearn.XGBRegressor'>)),Estim(RandomForestClassifier)_Imputer(IterativeImputer(<class 'sklearn.ensemble._forest.RandomForestRegressor'>)),Estim(RandomForestClassifier)_Imputer(KNNImputer),Estim(<class 'new_base.ClassifierWithImputation'>)_Imputer(Identity),Uniform Model Averaging,<class 'sklearn.ensemble._stacking.StackingClassifier'>,<class 'new_models.DEWClassifier'>_top_1,<class 'new_models.DEWClassifier'>_top_3,<class 'new_models.DEWClassifier'>_top_5,<class 'new_models.DEWClassifier'>_top_None
sensitivity,0.7156,0.69444,0.72328,0.73042,0.72988,0.75266,0.71534,0.71588,0.7225,0.7524,0.73784,0.75132,0.7524,0.75266,0.75982
specificity,0.7999600000000001,0.76248,0.7937799999999999,0.77504,0.79998,0.83126,0.8187200000000001,0.82498,0.8,0.81878,0.7687799999999999,0.8187599999999999,0.8187599999999999,0.83126,0.82498
ppv,0.76564,0.7216799999999999,0.75308,0.7374999999999999,0.77904,0.8051,0.7800800000000001,0.78474,0.76562,0.7888,0.7336599999999999,0.78246,0.78322,0.79562,0.7929
npv,0.76732,0.7433800000000002,0.7692599999999998,0.77296,0.77554,0.7960799999999999,0.7715399999999999,0.7719400000000001,0.7708,0.79576,0.776,0.79558,0.7941,0.79722,0.8032200000000002
gmean_sens_spec,0.75342,0.7263599999999999,0.75736,0.75074,0.7602000000000001,0.7893399999999999,0.7633,0.76718,0.7583,0.7827999999999999,0.75186,0.78302,0.7843199999999999,0.7902600000000001,0.7896
gmean_all_metrics,0.7594399999999999,0.7291399999999999,0.7591800000000001,0.7526999999999999,0.7677200000000001,0.79436,0.76912,0.77246,0.7628600000000001,0.78704,0.75304,0.7858400000000001,0.7863800000000001,0.7931800000000001,0.79348
roc_auc,0.8465200000000002,0.8201600000000001,0.8413999999999999,0.83646,0.86172,0.85054,0.84662,0.84256,0.8405400000000001,0.8583200000000002,0.7533,0.86736,0.84418,0.8508800000000001,0.85998
accuracy,0.76136,0.73126,0.76136,0.75452,0.76814,0.79516,0.7713,0.77486,0.76464,0.7883800000000001,0.7545200000000001,0.78798,0.78826,0.79504,0.7950399999999999
