,Estim(XGBClassifier)_Imputer(IterativeImputer(<class 'sklearn.linear_model._bayes.BayesianRidge'>)),Estim(XGBClassifier)_Imputer(IterativeImputer(<class 'xgboost.sklearn.XGBRegressor'>)),Estim(XGBClassifier)_Imputer(IterativeImputer(<class 'sklearn.ensemble._forest.RandomForestRegressor'>)),Estim(XGBClassifier)_Imputer(KNNImputer),Estim(RandomForestClassifier)_Imputer(IterativeImputer(<class 'sklearn.linear_model._bayes.BayesianRidge'>)),Estim(RandomForestClassifier)_Imputer(IterativeImputer(<class 'xgboost.sklearn.XGBRegressor'>)),Estim(RandomForestClassifier)_Imputer(IterativeImputer(<class 'sklearn.ensemble._forest.RandomForestRegressor'>)),Estim(RandomForestClassifier)_Imputer(KNNImputer),Estim(<class 'new_base.ClassifierWithImputation'>)_Imputer(Identity),Uniform Model Averaging,<class 'sklearn.ensemble._stacking.StackingClassifier'>,<class 'new_models.DEWClassifier'>_top_1,<class 'new_models.DEWClassifier'>_top_3,<class 'new_models.DEWClassifier'>_top_5,<class 'new_models.DEWClassifier'>_top_None
sensitivity,0.63678,0.64446,0.64418,0.67246,0.70212,0.65186,0.6799000000000001,0.57146,0.6883600000000001,0.65926,0.6867599999999999,0.62196,0.6441600000000001,0.69524,0.7026399999999999
specificity,0.7437199999999999,0.71876,0.68752,0.73752,0.79372,0.775,0.7437400000000001,0.8312200000000001,0.78746,0.76874,0.725,0.725,0.73126,0.775,0.76876
ppv,0.6850400000000001,0.6538,0.6426599999999999,0.68966,0.7433,0.7085999999999999,0.69672,0.74508,0.7305999999999999,0.70496,0.68274,0.6614599999999999,0.67576,0.72318,0.71784
npv,0.70928,0.71188,0.6969000000000001,0.7255999999999999,0.7590200000000001,0.73314,0.73066,0.6982800000000001,0.7513,0.7301,0.7313599999999999,0.6908000000000001,0.7054999999999999,0.75264,0.75582
gmean_sens_spec,0.683,0.6759000000000001,0.66236,0.70258,0.7451000000000001,0.7052400000000001,0.7101599999999999,0.68484,0.7345,0.70886,0.70426,0.6702800000000001,0.68532,0.7315599999999999,0.73332
gmean_all_metrics,0.68952,0.67896,0.66536,0.7048,0.74802,0.7125,0.71172,0.7021599999999999,0.7375999999999999,0.7129800000000001,0.70534,0.67298,0.6876599999999999,0.7345200000000001,0.7349
roc_auc,0.76606,0.74376,0.71712,0.7767600000000001,0.7895800000000001,0.77434,0.7714399999999999,0.7944,0.7677400000000001,0.8062400000000001,0.7106199999999999,0.7277199999999999,0.7696,0.7764599999999999,0.7918200000000001
accuracy,0.69408,0.6840200000000001,0.6674,0.70742,0.7512,0.71776,0.7144,0.71108,0.74142,0.71782,0.70742,0.67752,0.69096,0.73808,0.73802
