,Estim(XGBClassifier)_Imputer(IterativeImputer(<class 'sklearn.linear_model._bayes.BayesianRidge'>)),Estim(XGBClassifier)_Imputer(IterativeImputer(<class 'xgboost.sklearn.XGBRegressor'>)),Estim(XGBClassifier)_Imputer(IterativeImputer(<class 'sklearn.ensemble._forest.RandomForestRegressor'>)),Estim(XGBClassifier)_Imputer(KNNImputer),Estim(RandomForestClassifier)_Imputer(IterativeImputer(<class 'sklearn.linear_model._bayes.BayesianRidge'>)),Estim(RandomForestClassifier)_Imputer(IterativeImputer(<class 'xgboost.sklearn.XGBRegressor'>)),Estim(RandomForestClassifier)_Imputer(IterativeImputer(<class 'sklearn.ensemble._forest.RandomForestRegressor'>)),Estim(RandomForestClassifier)_Imputer(KNNImputer),Estim(<class 'new_base.ClassifierWithImputation'>)_Imputer(Identity),Uniform Model Averaging,<class 'sklearn.ensemble._stacking.StackingClassifier'>,<class 'new_models.DEWClassifier'>_top_1,<class 'new_models.DEWClassifier'>_top_3,<class 'new_models.DEWClassifier'>_top_5,<class 'new_models.DEWClassifier'>_top_None
sensitivity,0.73042,0.64366,0.71588,0.67964,0.723,0.6944600000000001,0.70186,0.66482,0.67222,0.73784,0.6648,0.69366,0.70134,0.66508,0.67938
specificity,0.76874,0.76248,0.76876,0.7312200000000001,0.78124,0.775,0.78126,0.76874,0.7874800000000001,0.8187599999999999,0.7437199999999999,0.7875,0.79376,0.7875,0.8
ppv,0.7311799999999999,0.69206,0.73338,0.6869599999999999,0.74032,0.7340599999999999,0.7358399999999999,0.71264,0.7392200000000001,0.78084,0.69106,0.73702,0.7503200000000001,0.73262,0.74692
npv,0.7693,0.71856,0.75972,0.73366,0.7698600000000001,0.75084,0.75804,0.732,0.73698,0.7847799999999999,0.7260000000000001,0.75008,0.7575999999999999,0.73594,0.7457
gmean_sens_spec,0.7489000000000001,0.6987,0.73992,0.7008800000000001,0.74986,0.73008,0.7378199999999999,0.71248,0.7255399999999999,0.77638,0.7003199999999999,0.73892,0.74404,0.7207600000000001,0.7360200000000001
gmean_all_metrics,0.74936,0.7018600000000002,0.7428,0.70494,0.75218,0.7356,0.7419399999999999,0.7171000000000001,0.7313799999999999,0.7793599999999999,0.7040200000000001,0.74116,0.74858,0.7271,0.7409
roc_auc,0.8208599999999999,0.78578,0.7966599999999999,0.74676,0.8276399999999999,0.80494,0.80992,0.8011800000000001,0.82752,0.8399999999999999,0.70426,0.79464,0.8261,0.8195,0.8306999999999999
accuracy,0.75092,0.70746,0.7442,0.70706,0.75424,0.7376400000000001,0.7443,0.72062,0.7341200000000001,0.7812600000000001,0.70706,0.74414,0.7508600000000001,0.73072,0.7442
