,Estim(XGBClassifier)_Imputer(IterativeImputer(<class 'sklearn.linear_model._bayes.BayesianRidge'>)),Estim(XGBClassifier)_Imputer(IterativeImputer(<class 'xgboost.sklearn.XGBRegressor'>)),Estim(XGBClassifier)_Imputer(IterativeImputer(<class 'sklearn.ensemble._forest.RandomForestRegressor'>)),Estim(XGBClassifier)_Imputer(KNNImputer),Estim(RandomForestClassifier)_Imputer(IterativeImputer(<class 'sklearn.linear_model._bayes.BayesianRidge'>)),Estim(RandomForestClassifier)_Imputer(IterativeImputer(<class 'xgboost.sklearn.XGBRegressor'>)),Estim(RandomForestClassifier)_Imputer(IterativeImputer(<class 'sklearn.ensemble._forest.RandomForestRegressor'>)),Estim(RandomForestClassifier)_Imputer(KNNImputer),Estim(<class 'new_base.ClassifierWithImputation'>)_Imputer(Identity),Uniform Model Averaging,<class 'sklearn.ensemble._stacking.StackingClassifier'>,<class 'new_models.DEWClassifier'>_top_1,<class 'new_models.DEWClassifier'>_top_3,<class 'new_models.DEWClassifier'>_top_5,<class 'new_models.DEWClassifier'>_top_None
sensitivity,0.5986800000000001,0.6134999999999999,0.6272599999999999,0.65688,0.59786,0.62038,0.67198,0.67142,0.65716,0.6134799999999999,0.6865,0.71454,0.70766,0.67194,0.67248
specificity,0.68126,0.6812799999999999,0.69998,0.71878,0.775,0.75,0.7437400000000001,0.76248,0.74372,0.75628,0.70626,0.70624,0.72502,0.7125199999999999,0.725
ppv,0.62686,0.62338,0.64598,0.67892,0.69994,0.6789800000000001,0.70192,0.7071,0.7058600000000002,0.6921999999999999,0.67596,0.67854,0.69262,0.67218,0.67702
npv,0.6615,0.67332,0.6883800000000001,0.71196,0.6940200000000001,0.7004400000000001,0.72586,0.7318200000000001,0.7119599999999999,0.6968200000000001,0.7284200000000001,0.74598,0.7459800000000001,0.71736,0.7226999999999999
gmean_sens_spec,0.63568,0.64548,0.6597600000000001,0.6803600000000001,0.67698,0.68048,0.7030000000000001,0.7149599999999999,0.6958599999999999,0.67754,0.69092,0.70826,0.7132200000000001,0.68948,0.6969999999999998
gmean_all_metrics,0.63954,0.64664,0.66306,0.6872999999999999,0.6866999999999999,0.68492,0.70802,0.71712,0.7018199999999999,0.6855800000000001,0.6958,0.7096600000000001,0.71576,0.69174,0.69814
roc_auc,0.7085600000000001,0.71148,0.7143,0.7382000000000001,0.74308,0.75324,0.75554,0.77066,0.7327400000000001,0.7820400000000001,0.76186,0.7543200000000001,0.77776,0.78088,0.7853600000000001
accuracy,0.64334,0.6500600000000001,0.66656,0.69064,0.69374,0.6903400000000001,0.7108000000000001,0.72058,0.704,0.6906000000000001,0.6973,0.71038,0.71736,0.69398,0.70068
