,Estim(XGBClassifier)_Imputer(IterativeImputer(<class 'sklearn.linear_model._bayes.BayesianRidge'>)),Estim(XGBClassifier)_Imputer(IterativeImputer(<class 'xgboost.sklearn.XGBRegressor'>)),Estim(XGBClassifier)_Imputer(IterativeImputer(<class 'sklearn.ensemble._forest.RandomForestRegressor'>)),Estim(XGBClassifier)_Imputer(KNNImputer),Estim(RandomForestClassifier)_Imputer(IterativeImputer(<class 'sklearn.linear_model._bayes.BayesianRidge'>)),Estim(RandomForestClassifier)_Imputer(IterativeImputer(<class 'xgboost.sklearn.XGBRegressor'>)),Estim(RandomForestClassifier)_Imputer(IterativeImputer(<class 'sklearn.ensemble._forest.RandomForestRegressor'>)),Estim(RandomForestClassifier)_Imputer(KNNImputer),Estim(<class 'new_base.ClassifierWithImputation'>)_Imputer(Identity),Uniform Model Averaging,<class 'sklearn.ensemble._stacking.StackingClassifier'>,<class 'new_models.DEWClassifier'>_top_1,<class 'new_models.DEWClassifier'>_top_3,<class 'new_models.DEWClassifier'>_top_5,<class 'new_models.DEWClassifier'>_top_None
sensitivity,0.7148,0.5624399999999999,0.6643000000000001,0.67858,0.66376,0.5905,0.6561,0.6558400000000001,0.70028,0.66376,0.686,0.68574,0.66322,0.67778,0.68492
specificity,0.78128,0.7875,0.7562800000000001,0.73126,0.81874,0.8125199999999999,0.8375,0.80002,0.7500199999999999,0.8000399999999999,0.725,0.73126,0.74376,0.7437400000000001,0.7562599999999999
ppv,0.74174,0.6977199999999999,0.70204,0.69144,0.7586,0.7324200000000001,0.784,0.74482,0.71198,0.74428,0.68928,0.69674,0.7007,0.7017599999999999,0.71284
npv,0.7625000000000002,0.67816,0.7246,0.72804,0.74198,0.6997799999999998,0.74214,0.73336,0.74484,0.73572,0.73172,0.72886,0.72114,0.73072,0.74016
gmean_sens_spec,0.74588,0.6641600000000001,0.7082599999999999,0.7012799999999999,0.73552,0.69082,0.7387,0.7213199999999999,0.7232999999999999,0.72754,0.70158,0.70604,0.6989000000000001,0.7072600000000001,0.7167
gmean_all_metrics,0.7487600000000001,0.6757,0.7106600000000001,0.7050400000000001,0.74272,0.70306,0.7501399999999999,0.72978,0.72554,0.7335799999999999,0.70548,0.70896,0.70442,0.71132,0.72118
roc_auc,0.81312,0.72654,0.75396,0.7549,0.83144,0.79024,0.80442,0.8138799999999999,0.80482,0.82562,0.70552,0.7718400000000001,0.7950999999999999,0.7961199999999999,0.8160800000000001
accuracy,0.75092,0.68374,0.7139800000000001,0.7072,0.7475400000000001,0.71038,0.7541800000000001,0.73408,0.7273400000000001,0.73754,0.70724,0.71052,0.70712,0.7138,0.7239199999999999
