,Estim(XGBClassifier)_Imputer(IterativeImputer(<class 'sklearn.linear_model._bayes.BayesianRidge'>)),Estim(XGBClassifier)_Imputer(IterativeImputer(<class 'xgboost.sklearn.XGBRegressor'>)),Estim(XGBClassifier)_Imputer(IterativeImputer(<class 'sklearn.ensemble._forest.RandomForestRegressor'>)),Estim(XGBClassifier)_Imputer(KNNImputer),Estim(RandomForestClassifier)_Imputer(IterativeImputer(<class 'sklearn.linear_model._bayes.BayesianRidge'>)),Estim(RandomForestClassifier)_Imputer(IterativeImputer(<class 'xgboost.sklearn.XGBRegressor'>)),Estim(RandomForestClassifier)_Imputer(IterativeImputer(<class 'sklearn.ensemble._forest.RandomForestRegressor'>)),Estim(RandomForestClassifier)_Imputer(KNNImputer),Estim(<class 'new_base.ClassifierWithImputation'>)_Imputer(Identity),Uniform Model Averaging,<class 'sklearn.ensemble._stacking.StackingClassifier'>,<class 'new_models.DEWClassifier'>_top_1,<class 'new_models.DEWClassifier'>_top_3,<class 'new_models.DEWClassifier'>_top_5,<class 'new_models.DEWClassifier'>_top_None
sensitivity,0.64338,0.53228,0.58332,0.5979,0.58386,0.5327999999999999,0.57618,0.5473600000000001,0.59154,0.62062,0.59792,0.57514,0.5534399999999999,0.5537,0.60556
specificity,0.64376,0.65624,0.56874,0.64998,0.70626,0.66876,0.6624800000000001,0.7375,0.68126,0.73124,0.6812400000000001,0.65,0.63752,0.6937599999999999,0.68126
ppv,0.60872,0.55982,0.5347000000000001,0.59558,0.63422,0.5776600000000001,0.58918,0.65682,0.61622,0.66786,0.62168,0.58592,0.5737599999999999,0.61186,0.62994
npv,0.67716,0.63116,0.6177000000000001,0.65906,0.6658,0.63016,0.65126,0.6524599999999999,0.6608,0.69554,0.67272,0.64842,0.62566,0.6464799999999999,0.6666000000000001
gmean_sens_spec,0.64314,0.5818199999999999,0.57344,0.6149000000000001,0.63928,0.59156,0.6147199999999999,0.63342,0.63318,0.6703,0.6264000000000001,0.59994,0.58788,0.61574,0.6394200000000001
gmean_all_metrics,0.6425799999999999,0.58792,0.57408,0.62046,0.6443,0.5972799999999999,0.61704,0.6434399999999999,0.6355999999999999,0.6756599999999999,0.63598,0.6077999999999999,0.59332,0.62212,0.6434
roc_auc,0.6660600000000001,0.6250600000000001,0.63002,0.6856199999999999,0.6820199999999998,0.6425400000000001,0.6415400000000001,0.69342,0.6746999999999999,0.71148,0.6891999999999999,0.6530400000000001,0.68668,0.70104,0.7151
accuracy,0.64364,0.5992,0.5755999999999999,0.62622,0.64992,0.60622,0.6228999999999999,0.65018,0.64006,0.68034,0.643,0.61616,0.5993799999999999,0.62966,0.6467799999999999
