,Estim(XGBClassifier)_Imputer(IterativeImputer(<class 'sklearn.linear_model._bayes.BayesianRidge'>)),Estim(XGBClassifier)_Imputer(IterativeImputer(<class 'xgboost.sklearn.XGBRegressor'>)),Estim(XGBClassifier)_Imputer(IterativeImputer(<class 'sklearn.ensemble._forest.RandomForestRegressor'>)),Estim(XGBClassifier)_Imputer(KNNImputer),Estim(RandomForestClassifier)_Imputer(IterativeImputer(<class 'sklearn.linear_model._bayes.BayesianRidge'>)),Estim(RandomForestClassifier)_Imputer(IterativeImputer(<class 'xgboost.sklearn.XGBRegressor'>)),Estim(RandomForestClassifier)_Imputer(IterativeImputer(<class 'sklearn.ensemble._forest.RandomForestRegressor'>)),Estim(RandomForestClassifier)_Imputer(KNNImputer),Estim(<class 'new_base.ClassifierWithImputation'>)_Imputer(Identity),Uniform Model Averaging,<class 'sklearn.ensemble._stacking.StackingClassifier'>,<class 'new_models.DEWClassifier'>_top_1,<class 'new_models.DEWClassifier'>_top_3,<class 'new_models.DEWClassifier'>_top_5,<class 'new_models.DEWClassifier'>_top_None
sensitivity,0.71562,0.72302,0.7296400000000001,0.7156,0.75266,0.73836,0.7524,0.75952,0.75316,0.73784,0.7156,0.7312,0.7968200000000001,0.7748800000000001,0.78202
specificity,0.83124,0.79376,0.8250399999999999,0.7687200000000001,0.82502,0.80002,0.85,0.85624,0.81874,0.8187200000000001,0.77498,0.7750199999999999,0.78124,0.78122,0.78124
ppv,0.7923600000000001,0.75048,0.78482,0.7422599999999999,0.79378,0.76152,0.81748,0.82926,0.78732,0.78788,0.74572,0.73976,0.7662600000000002,0.7642,0.76432
npv,0.77356,0.77078,0.78136,0.75996,0.79346,0.7817399999999999,0.79992,0.8065999999999999,0.79644,0.7860799999999999,0.76178,0.7748200000000001,0.8195,0.80374,0.80772
gmean_sens_spec,0.7695000000000001,0.7570999999999999,0.7749,0.7369600000000001,0.7874599999999999,0.76776,0.7988200000000001,0.80428,0.7823399999999999,0.77394,0.7407,0.74868,0.7850599999999999,0.77272,0.7778599999999999
gmean_all_metrics,0.77586,0.75878,0.77884,0.74334,0.7903,0.76954,0.80346,0.8106199999999999,0.78674,0.77996,0.74658,0.75258,0.78832,0.7776399999999999,0.7813399999999999
roc_auc,0.85936,0.8384599999999999,0.85174,0.837,0.86786,0.85542,0.8779199999999999,0.8812,0.8670199999999999,0.8769199999999999,0.7453,0.8463799999999999,0.8555400000000001,0.85886,0.87102
accuracy,0.7781399999999999,0.7612,0.7812400000000002,0.74474,0.7918,0.7715799999999999,0.80514,0.81192,0.78854,0.7817000000000001,0.74808,0.7548600000000001,0.78854,0.7784800000000001,0.7817999999999999
