,Estim(XGBClassifier)_Imputer(IterativeImputer(<class 'sklearn.linear_model._bayes.BayesianRidge'>)),Estim(XGBClassifier)_Imputer(IterativeImputer(<class 'xgboost.sklearn.XGBRegressor'>)),Estim(XGBClassifier)_Imputer(IterativeImputer(<class 'sklearn.ensemble._forest.RandomForestRegressor'>)),Estim(XGBClassifier)_Imputer(KNNImputer),Estim(RandomForestClassifier)_Imputer(IterativeImputer(<class 'sklearn.linear_model._bayes.BayesianRidge'>)),Estim(RandomForestClassifier)_Imputer(IterativeImputer(<class 'xgboost.sklearn.XGBRegressor'>)),Estim(RandomForestClassifier)_Imputer(IterativeImputer(<class 'sklearn.ensemble._forest.RandomForestRegressor'>)),Estim(RandomForestClassifier)_Imputer(KNNImputer),Estim(<class 'new_base.ClassifierWithImputation'>)_Imputer(Identity),Uniform Model Averaging,<class 'sklearn.ensemble._stacking.StackingClassifier'>,dew_top_1,dew_top_3,dew_top_5,dew_top_None
sensitivity,0.38049999999999995,0.37678,0.37010000000000004,0.34716,0.23396,0.29198,0.30656,0.1886,0.35566,0.32146,0.44028,0.34550000000000003,0.31982,0.29884000000000005,0.29391999999999996
specificity,0.7866199999999999,0.77062,0.80174,0.76712,0.8787800000000001,0.83118,0.8283799999999999,0.9019,0.81142,0.85272,0.7047599999999999,0.78238,0.8270600000000001,0.8475400000000001,0.8571
ppv,0.59202,0.5721400000000001,0.6037000000000001,0.54834,0.61596,0.5838599999999999,0.5946,0.6101599999999999,0.6056,0.6397599999999999,0.55022,0.56388,0.6018600000000001,0.61536,0.6265000000000001
npv,0.6093400000000001,0.6030200000000001,0.6098399999999999,0.5907199999999999,0.58488,0.5906,0.59482,0.57724,0.60736,0.6069,0.6076199999999999,0.5948599999999999,0.5989199999999999,0.59756,0.59862
gmean_sens_spec,0.54686,0.53862,0.54454,0.5159,0.45241999999999993,0.49223999999999996,0.50242,0.41172,0.53704,0.52332,0.5546,0.5198,0.51398,0.50278,0.50144
gmean_all_metrics,0.5730999999999999,0.56242,0.5747800000000001,0.54184,0.52074,0.5376,0.5464399999999999,0.49413999999999997,0.57068,0.5710000000000001,0.5661799999999999,0.5486599999999999,0.5554600000000001,0.55208,0.55406
roc_auc,0.6356200000000001,0.61174,0.63884,0.59784,0.60788,0.6149000000000001,0.61586,0.5890799999999999,0.6429400000000001,0.649,0.6112399999999999,0.6070399999999999,0.62732,0.6307799999999999,0.63592
accuracy,0.6043200000000001,0.5938399999999999,0.608,0.5786399999999999,0.5893999999999999,0.58918,0.5942200000000001,0.58176,0.60686,0.61428,0.58606,0.5863200000000001,0.5994200000000001,0.60128,0.60434
