,Estim(XGBClassifier)_Imputer(IterativeImputer(<class 'sklearn.linear_model._bayes.BayesianRidge'>)),Estim(XGBClassifier)_Imputer(IterativeImputer(<class 'xgboost.sklearn.XGBRegressor'>)),Estim(XGBClassifier)_Imputer(IterativeImputer(<class 'sklearn.ensemble._forest.RandomForestRegressor'>)),Estim(XGBClassifier)_Imputer(KNNImputer),Estim(RandomForestClassifier)_Imputer(IterativeImputer(<class 'sklearn.linear_model._bayes.BayesianRidge'>)),Estim(RandomForestClassifier)_Imputer(IterativeImputer(<class 'xgboost.sklearn.XGBRegressor'>)),Estim(RandomForestClassifier)_Imputer(IterativeImputer(<class 'sklearn.ensemble._forest.RandomForestRegressor'>)),Estim(RandomForestClassifier)_Imputer(KNNImputer),Estim(<class 'new_base.ClassifierWithImputation'>)_Imputer(Identity),Uniform Model Averaging,<class 'sklearn.ensemble._stacking.StackingClassifier'>,<class 'new_models.DEWClassifier'>_top_1,<class 'new_models.DEWClassifier'>_top_3,<class 'new_models.DEWClassifier'>_top_5,<class 'new_models.DEWClassifier'>_top_None
sensitivity,0.79684,0.7605999999999999,0.7965800000000001,0.70924,0.76746,0.78942,0.7749,0.7677400000000001,0.76854,0.77514,0.71666,0.7605999999999999,0.7458,0.7460600000000001,0.7606200000000001
specificity,0.83748,0.83126,0.8312799999999999,0.86248,0.84372,0.8687400000000001,0.8812599999999999,0.8625,0.825,0.875,0.84376,0.85002,0.85624,0.8625,0.85626
ppv,0.80748,0.79166,0.80372,0.81562,0.8103200000000002,0.8385999999999999,0.84846,0.82864,0.7853,0.8403,0.79578,0.81014,0.8160000000000001,0.82114,0.818
npv,0.82896,0.80698,0.82638,0.7769,0.8123000000000001,0.8295999999999999,0.82258,0.8150000000000001,0.81426,0.82372,0.7781800000000001,0.8089000000000001,0.7985,0.8008,0.8093600000000001
gmean_sens_spec,0.81644,0.7938,0.81326,0.78148,0.80304,0.82718,0.8253199999999999,0.8123999999999999,0.79382,0.82208,0.7768799999999999,0.80304,0.79842,0.8013,0.80602
gmean_all_metrics,0.81724,0.7963600000000001,0.81402,0.7886200000000001,0.80686,0.8304600000000001,0.83018,0.81684,0.7964800000000001,0.8267599999999999,0.7818,0.80618,0.8027,0.8059799999999999,0.8097
roc_auc,0.8925599999999999,0.8910199999999999,0.90344,0.88544,0.8880000000000001,0.8965799999999999,0.90112,0.8986000000000001,0.8805800000000001,0.9049400000000001,0.7802,0.8754199999999999,0.8864599999999999,0.88774,0.90242
accuracy,0.8186200000000001,0.7985,0.81518,0.7917,0.8084,0.8321,0.8320000000000001,0.8186,0.7985199999999999,0.82866,0.78492,0.80848,0.8051,0.80854,0.81188
