,Estim(XGBClassifier)_Imputer(IterativeImputer(<class 'sklearn.linear_model._bayes.BayesianRidge'>)),Estim(XGBClassifier)_Imputer(IterativeImputer(<class 'xgboost.sklearn.XGBRegressor'>)),Estim(XGBClassifier)_Imputer(IterativeImputer(<class 'sklearn.ensemble._forest.RandomForestRegressor'>)),Estim(XGBClassifier)_Imputer(KNNImputer),Estim(RandomForestClassifier)_Imputer(IterativeImputer(<class 'sklearn.linear_model._bayes.BayesianRidge'>)),Estim(RandomForestClassifier)_Imputer(IterativeImputer(<class 'xgboost.sklearn.XGBRegressor'>)),Estim(RandomForestClassifier)_Imputer(IterativeImputer(<class 'sklearn.ensemble._forest.RandomForestRegressor'>)),Estim(RandomForestClassifier)_Imputer(KNNImputer),Estim(<class 'new_base.ClassifierWithImputation'>)_Imputer(Identity),Uniform Model Averaging,<class 'sklearn.ensemble._stacking.StackingClassifier'>,<class 'new_models.DEWClassifier'>_top_1,<class 'new_models.DEWClassifier'>_top_3,<class 'new_models.DEWClassifier'>_top_5,<class 'new_models.DEWClassifier'>_top_None
sensitivity,0.7672,0.73124,0.7891600000000001,0.70158,0.76774,0.7605999999999999,0.7598,0.7455200000000001,0.74524,0.75266,0.70158,0.74524,0.75262,0.73066,0.73808
specificity,0.85,0.8124800000000001,0.8125,0.80626,0.86252,0.825,0.81874,0.88752,0.77498,0.85,0.79376,0.81874,0.82498,0.82498,0.82498
ppv,0.8157,0.77348,0.78706,0.76316,0.83186,0.7905599999999999,0.7844,0.8506600000000001,0.7451199999999999,0.8139,0.7524,0.78494,0.7886,0.7856799999999999,0.78804
npv,0.8097799999999999,0.77972,0.8208599999999999,0.7584799999999999,0.81204,0.80236,0.7989,0.8032200000000002,0.78098,0.79954,0.7557,0.7917,0.79578,0.7817000000000001,0.78596
gmean_sens_spec,0.8072800000000001,0.76938,0.7987,0.7509,0.81304,0.7908799999999999,0.78838,0.8130200000000001,0.7583400000000001,0.7997400000000001,0.7446400000000001,0.77904,0.7875400000000001,0.77554,0.7795799999999999
gmean_all_metrics,0.8099000000000001,0.77274,0.8009000000000001,0.75554,0.8172,0.79342,0.78988,0.8196999999999999,0.7602800000000001,0.8031200000000001,0.74898,0.78326,0.78974,0.77936,0.78302
roc_auc,0.86984,0.85594,0.8666600000000001,0.8538600000000001,0.88168,0.8808200000000002,0.8699,0.87562,0.8558,0.88246,0.7476800000000001,0.84536,0.85074,0.8594999999999999,0.8745800000000001
accuracy,0.8117599999999999,0.7747400000000001,0.80176,0.75788,0.8187,0.79506,0.79154,0.8218799999999999,0.76126,0.8051600000000001,0.7511,0.78492,0.7917,0.78158,0.78498
