,Estim(XGBClassifier)_Imputer(IterativeImputer(<class 'sklearn.linear_model._bayes.BayesianRidge'>)),Estim(XGBClassifier)_Imputer(IterativeImputer(<class 'xgboost.sklearn.XGBRegressor'>)),Estim(XGBClassifier)_Imputer(IterativeImputer(<class 'sklearn.ensemble._forest.RandomForestRegressor'>)),Estim(XGBClassifier)_Imputer(KNNImputer),Estim(RandomForestClassifier)_Imputer(IterativeImputer(<class 'sklearn.linear_model._bayes.BayesianRidge'>)),Estim(RandomForestClassifier)_Imputer(IterativeImputer(<class 'xgboost.sklearn.XGBRegressor'>)),Estim(RandomForestClassifier)_Imputer(IterativeImputer(<class 'sklearn.ensemble._forest.RandomForestRegressor'>)),Estim(RandomForestClassifier)_Imputer(KNNImputer),Estim(<class 'new_base.ClassifierWithImputation'>)_Imputer(Identity),Uniform Model Averaging,<class 'sklearn.ensemble._stacking.StackingClassifier'>,<class 'new_models.DEWClassifier'>_top_1,<class 'new_models.DEWClassifier'>_top_3,<class 'new_models.DEWClassifier'>_top_5,<class 'new_models.DEWClassifier'>_top_None
sensitivity,0.76006,0.77408,0.78916,0.74498,0.76032,0.73836,0.75238,0.74524,0.7889,0.78176,0.73756,0.75264,0.73068,0.75292,0.7672
specificity,0.8375199999999999,0.85624,0.8375,0.82502,0.86876,0.85,0.8562799999999999,0.85624,0.825,0.8562799999999999,0.82502,0.80622,0.8125199999999999,0.84376,0.8375
ppv,0.7997599999999999,0.82386,0.8061,0.7871400000000001,0.8309599999999999,0.8061400000000001,0.8163600000000001,0.8183999999999999,0.79496,0.82326,0.7853800000000001,0.76982,0.7700000000000001,0.8051600000000001,0.8028600000000001
npv,0.80374,0.81616,0.8242200000000001,0.79116,0.8111599999999999,0.79382,0.8039,0.8012,0.8205,0.8219200000000001,0.78616,0.7929800000000001,0.7798200000000002,0.80044,0.80808
gmean_sens_spec,0.79754,0.8135800000000002,0.8123000000000001,0.7832399999999999,0.81172,0.79116,0.80166,0.7963,0.8065000000000001,0.8176800000000002,0.77946,0.7783599999999999,0.7699,0.79642,0.80112
gmean_all_metrics,0.7996000000000001,0.8166,0.8135999999999999,0.78602,0.81626,0.7955,0.80576,0.80268,0.807,0.8200200000000001,0.7825,0.77974,0.7723,0.79952,0.8032
roc_auc,0.88296,0.88114,0.8916999999999999,0.8746600000000001,0.8921800000000001,0.8962599999999998,0.8991200000000001,0.8904,0.87666,0.89574,0.78128,0.8488800000000001,0.8602000000000001,0.8648199999999999,0.88522
accuracy,0.8016399999999999,0.8182600000000001,0.81504,0.78802,0.8185400000000002,0.7983800000000001,0.80824,0.8051,0.8083199999999999,0.82172,0.7847,0.78142,0.77468,0.8017,0.8049799999999999
