,Estim(XGBClassifier)_Imputer(IterativeImputer(<class 'sklearn.linear_model._bayes.BayesianRidge'>)),Estim(XGBClassifier)_Imputer(IterativeImputer(<class 'xgboost.sklearn.XGBRegressor'>)),Estim(XGBClassifier)_Imputer(IterativeImputer(<class 'sklearn.ensemble._forest.RandomForestRegressor'>)),Estim(XGBClassifier)_Imputer(KNNImputer),Estim(RandomForestClassifier)_Imputer(IterativeImputer(<class 'sklearn.linear_model._bayes.BayesianRidge'>)),Estim(RandomForestClassifier)_Imputer(IterativeImputer(<class 'xgboost.sklearn.XGBRegressor'>)),Estim(RandomForestClassifier)_Imputer(IterativeImputer(<class 'sklearn.ensemble._forest.RandomForestRegressor'>)),Estim(RandomForestClassifier)_Imputer(KNNImputer),Estim(<class 'new_base.ClassifierWithImputation'>)_Imputer(Identity),Uniform Model Averaging,<class 'sklearn.ensemble._stacking.StackingClassifier'>,<class 'new_models.DEWClassifier'>_top_1,<class 'new_models.DEWClassifier'>_top_3,<class 'new_models.DEWClassifier'>_top_5,<class 'new_models.DEWClassifier'>_top_None
sensitivity,0.7592399999999999,0.7087199999999999,0.66508,0.70106,0.73758,0.72222,0.71508,0.75214,0.75184,0.7225,0.74446,0.70132,0.70104,0.71534,0.723
specificity,0.8311999999999999,0.7750199999999999,0.78124,0.80626,0.85,0.8187599999999999,0.84376,0.8562200000000001,0.7874800000000001,0.84374,0.76874,0.8,0.825,0.83124,0.84996
ppv,0.7990600000000001,0.73282,0.7242200000000001,0.76298,0.8087799999999999,0.78786,0.7921,0.8189,0.7576,0.80644,0.7510199999999999,0.7548799999999999,0.77476,0.7846,0.80738
npv,0.8026199999999999,0.75886,0.7313799999999999,0.7583,0.7917,0.77724,0.7827,0.8039400000000001,0.78836,0.7816799999999999,0.77972,0.7628,0.76564,0.7755,0.78444
gmean_sens_spec,0.79314,0.73896,0.7202400000000001,0.7505999999999999,0.7913,0.7654799999999999,0.77384,0.80116,0.76772,0.77898,0.75102,0.7451399999999999,0.75898,0.7699400000000001,0.7821999999999999
gmean_all_metrics,0.7967000000000001,0.7421200000000001,0.72392,0.7553799999999999,0.79568,0.77326,0.78042,0.80608,0.77002,0.7860199999999999,0.75734,0.75146,0.76436,0.77478,0.78866
roc_auc,0.83994,0.8052400000000001,0.80106,0.8221400000000001,0.8546000000000001,0.8436,0.8419000000000001,0.85638,0.83884,0.85214,0.80382,0.8086,0.82036,0.84052,0.83902
accuracy,0.79818,0.7446400000000001,0.7276400000000001,0.75804,0.79826,0.7748200000000001,0.7845799999999999,0.80838,0.77128,0.7882,0.75806,0.75442,0.7678,0.77782,0.79136
