,Estim(XGBClassifier)_Imputer(IterativeImputer(<class 'sklearn.linear_model._bayes.BayesianRidge'>)),Estim(XGBClassifier)_Imputer(IterativeImputer(<class 'xgboost.sklearn.XGBRegressor'>)),Estim(XGBClassifier)_Imputer(IterativeImputer(<class 'sklearn.ensemble._forest.RandomForestRegressor'>)),Estim(XGBClassifier)_Imputer(KNNImputer),Estim(RandomForestClassifier)_Imputer(IterativeImputer(<class 'sklearn.linear_model._bayes.BayesianRidge'>)),Estim(RandomForestClassifier)_Imputer(IterativeImputer(<class 'xgboost.sklearn.XGBRegressor'>)),Estim(RandomForestClassifier)_Imputer(IterativeImputer(<class 'sklearn.ensemble._forest.RandomForestRegressor'>)),Estim(RandomForestClassifier)_Imputer(KNNImputer),Estim(<class 'new_base.ClassifierWithImputation'>)_Imputer(Identity),Uniform Model Averaging,<class 'sklearn.ensemble._stacking.StackingClassifier'>,<class 'new_models.DEWClassifier'>_top_1,<class 'new_models.DEWClassifier'>_top_3,<class 'new_models.DEWClassifier'>_top_5,<class 'new_models.DEWClassifier'>_top_None
sensitivity,0.68652,0.67962,0.6867800000000001,0.7164200000000001,0.6862600000000001,0.67936,0.67964,0.67936,0.70106,0.67962,0.73126,0.7087600000000001,0.72382,0.72384,0.7163999999999999
specificity,0.8062400000000001,0.73126,0.79998,0.78124,0.8125,0.79376,0.8062400000000001,0.80626,0.7875,0.79998,0.7437400000000001,0.76876,0.80626,0.79376,0.8187599999999999
ppv,0.75226,0.68468,0.74646,0.73656,0.76002,0.7406200000000001,0.75146,0.75458,0.74044,0.74576,0.70972,0.7238399999999999,0.76106,0.74886,0.77194
npv,0.7513000000000001,0.72884,0.74976,0.7682800000000001,0.75302,0.7440399999999999,0.74638,0.7473,0.7552000000000001,0.7455200000000001,0.7691399999999999,0.7568199999999999,0.77736,0.77394,0.7747999999999999
gmean_sens_spec,0.74334,0.7034600000000001,0.7405000000000002,0.7458,0.7456200000000001,0.73316,0.73964,0.73808,0.74224,0.7364200000000001,0.73498,0.73734,0.7622199999999999,0.7566200000000001,0.76408
gmean_all_metrics,0.74748,0.70482,0.7442,0.7487400000000001,0.75078,0.73748,0.74412,0.74412,0.74486,0.7407999999999999,0.7366,0.73864,0.76542,0.75878,0.76842
roc_auc,0.81678,0.7793399999999999,0.81978,0.8323599999999999,0.82446,0.8171199999999998,0.82218,0.83734,0.81958,0.84052,0.7375,0.80522,0.8325800000000001,0.8443999999999999,0.8483
accuracy,0.75102,0.7073,0.74774,0.7510399999999999,0.75408,0.7408,0.74768,0.74742,0.74758,0.7442,0.7375800000000001,0.7409,0.76788,0.76112,0.7711399999999999
