,Estim(XGBClassifier)_Imputer(IterativeImputer(<class 'sklearn.linear_model._bayes.BayesianRidge'>)),Estim(XGBClassifier)_Imputer(IterativeImputer(<class 'xgboost.sklearn.XGBRegressor'>)),Estim(XGBClassifier)_Imputer(IterativeImputer(<class 'sklearn.ensemble._forest.RandomForestRegressor'>)),Estim(XGBClassifier)_Imputer(KNNImputer),Estim(RandomForestClassifier)_Imputer(IterativeImputer(<class 'sklearn.linear_model._bayes.BayesianRidge'>)),Estim(RandomForestClassifier)_Imputer(IterativeImputer(<class 'xgboost.sklearn.XGBRegressor'>)),Estim(RandomForestClassifier)_Imputer(IterativeImputer(<class 'sklearn.ensemble._forest.RandomForestRegressor'>)),Estim(RandomForestClassifier)_Imputer(KNNImputer),Estim(<class 'new_base.ClassifierWithImputation'>)_Imputer(Identity),Uniform Model Averaging,<class 'sklearn.ensemble._stacking.StackingClassifier'>,<class 'new_models.DEWClassifier'>_top_1,<class 'new_models.DEWClassifier'>_top_3,<class 'new_models.DEWClassifier'>_top_5,<class 'new_models.DEWClassifier'>_top_None
sensitivity,0.71534,0.759,0.73702,0.7301599999999999,0.7447,0.72302,0.71482,0.7296400000000001,0.7227399999999999,0.75212,0.7301599999999999,0.72248,0.73702,0.74416,0.7296199999999999
specificity,0.73124,0.70624,0.76252,0.7249800000000001,0.78124,0.80002,0.7937200000000001,0.7874800000000001,0.73752,0.7625,0.69998,0.76252,0.77498,0.78752,0.78752
ppv,0.6973,0.69156,0.72858,0.6955,0.75162,0.76034,0.7573000000000001,0.75544,0.7050599999999999,0.7384600000000001,0.6753199999999999,0.72618,0.746,0.7563799999999999,0.75746
npv,0.7496,0.77688,0.77236,0.76092,0.7806200000000001,0.7715400000000001,0.7679199999999999,0.77362,0.7561599999999999,0.78282,0.75402,0.76418,0.7778600000000001,0.78526,0.77322
gmean_sens_spec,0.72274,0.7301399999999999,0.7490600000000001,0.7262,0.7611199999999999,0.75942,0.74942,0.75562,0.7293200000000001,0.75468,0.7141,0.74052,0.7527200000000001,0.7628999999999999,0.7549399999999999
gmean_all_metrics,0.7228,0.73132,0.74952,0.7267399999999999,0.7633,0.7624599999999999,0.75542,0.75964,0.7296600000000001,0.75718,0.71382,0.7425200000000001,0.7567,0.7664,0.75968
roc_auc,0.79576,0.79528,0.81354,0.7603399999999999,0.8336600000000001,0.82162,0.8343,0.84306,0.79618,0.83298,0.7151,0.77458,0.8008600000000001,0.8168599999999999,0.82232
accuracy,0.72416,0.7306800000000001,0.75098,0.72758,0.76458,0.7647200000000001,0.7577,0.7612,0.7308999999999999,0.7579800000000001,0.71406,0.7443,0.75786,0.76792,0.7613200000000001
