,Estim(XGBClassifier)_Imputer(IterativeImputer(<class 'sklearn.linear_model._bayes.BayesianRidge'>)),Estim(XGBClassifier)_Imputer(IterativeImputer(<class 'xgboost.sklearn.XGBRegressor'>)),Estim(XGBClassifier)_Imputer(IterativeImputer(<class 'sklearn.ensemble._forest.RandomForestRegressor'>)),Estim(XGBClassifier)_Imputer(KNNImputer),Estim(RandomForestClassifier)_Imputer(IterativeImputer(<class 'sklearn.linear_model._bayes.BayesianRidge'>)),Estim(RandomForestClassifier)_Imputer(IterativeImputer(<class 'xgboost.sklearn.XGBRegressor'>)),Estim(RandomForestClassifier)_Imputer(IterativeImputer(<class 'sklearn.ensemble._forest.RandomForestRegressor'>)),Estim(RandomForestClassifier)_Imputer(KNNImputer),Estim(<class 'new_base.ClassifierWithImputation'>)_Imputer(Identity),Uniform Model Averaging,<class 'sklearn.ensemble._stacking.StackingClassifier'>,<class 'new_models.DEWClassifier'>_top_1,<class 'new_models.DEWClassifier'>_top_3,<class 'new_models.DEWClassifier'>_top_5,<class 'new_models.DEWClassifier'>_top_None
sensitivity,0.74602,0.72326,0.72382,0.76032,0.73094,0.7164200000000001,0.73094,0.73094,0.7381200000000001,0.7529,0.76032,0.73836,0.7238,0.75344,0.75316
specificity,0.8,0.8125,0.8187599999999999,0.8125,0.85626,0.84376,0.8687400000000001,0.8687400000000001,0.84378,0.85,0.8125,0.83124,0.85,0.85002,0.84376
ppv,0.76234,0.7689199999999999,0.77662,0.7806599999999999,0.81152,0.79714,0.8263,0.8278399999999999,0.80098,0.8149799999999999,0.7806599999999999,0.78972,0.8062000000000001,0.8115,0.80482
npv,0.7899,0.77786,0.7801600000000001,0.8012600000000001,0.7906,0.77918,0.7938400000000001,0.7920400000000001,0.79206,0.80328,0.8012600000000001,0.79132,0.78392,0.8056599999999999,0.8033000000000001
gmean_sens_spec,0.7708,0.76466,0.7674,0.7840400000000001,0.78986,0.77584,0.79532,0.7956999999999999,0.7883399999999999,0.7979399999999999,0.7840400000000001,0.7816799999999999,0.7831000000000001,0.79834,0.79558
gmean_all_metrics,0.77314,0.7687600000000001,0.7725,0.78708,0.7952800000000001,0.78176,0.80238,0.8024799999999999,0.7923,0.8032,0.78708,0.78582,0.7888200000000001,0.80314,0.79958
roc_auc,0.8775999999999999,0.8705999999999999,0.8795400000000001,0.8632,0.89032,0.88918,0.8913,0.88606,0.87808,0.8891600000000001,0.78642,0.8702,0.86786,0.86988,0.8843399999999999
accuracy,0.775,0.7713599999999999,0.7748000000000002,0.7883199999999999,0.79832,0.78492,0.80504,0.8049799999999999,0.79488,0.8051600000000001,0.7883199999999999,0.78814,0.79166,0.8051999999999999,0.8017999999999998
