,Estim(XGBClassifier)_Imputer(IterativeImputer(<class 'sklearn.linear_model._bayes.BayesianRidge'>)),Estim(XGBClassifier)_Imputer(IterativeImputer(<class 'xgboost.sklearn.XGBRegressor'>)),Estim(XGBClassifier)_Imputer(IterativeImputer(<class 'sklearn.ensemble._forest.RandomForestRegressor'>)),Estim(XGBClassifier)_Imputer(KNNImputer),Estim(RandomForestClassifier)_Imputer(IterativeImputer(<class 'sklearn.linear_model._bayes.BayesianRidge'>)),Estim(RandomForestClassifier)_Imputer(IterativeImputer(<class 'xgboost.sklearn.XGBRegressor'>)),Estim(RandomForestClassifier)_Imputer(IterativeImputer(<class 'sklearn.ensemble._forest.RandomForestRegressor'>)),Estim(RandomForestClassifier)_Imputer(KNNImputer),Estim(<class 'new_base.ClassifierWithImputation'>)_Imputer(Identity),Uniform Model Averaging,<class 'sklearn.ensemble._stacking.StackingClassifier'>,<class 'new_models.DEWClassifier'>_top_1,<class 'new_models.DEWClassifier'>_top_3,<class 'new_models.DEWClassifier'>_top_5,<class 'new_models.DEWClassifier'>_top_None
sensitivity,0.7598,0.7600800000000001,0.7600399999999999,0.75236,0.77408,0.782,0.7669400000000001,0.74522,0.71612,0.76718,0.75976,0.73784,0.7669400000000001,0.7595400000000001,0.75212
specificity,0.8,0.8,0.8062400000000001,0.7875,0.85626,0.88124,0.8625,0.8625,0.80002,0.81874,0.79376,0.8187599999999999,0.8125,0.7937200000000001,0.79374
ppv,0.7712,0.77326,0.77816,0.7580600000000001,0.82656,0.85328,0.83056,0.82576,0.75556,0.788,0.7643599999999999,0.78202,0.78332,0.7658400000000001,0.7628600000000001
npv,0.79506,0.7936400000000001,0.7964800000000001,0.7893,0.8165800000000001,0.8277600000000002,0.8136599999999999,0.80112,0.768,0.80558,0.7962800000000001,0.7843399999999999,0.80386,0.79506,0.7899799999999999
gmean_sens_spec,0.77832,0.7785199999999999,0.78068,0.76768,0.8129800000000001,0.82814,0.81196,0.7996000000000001,0.7559,0.791,0.7745799999999999,0.77622,0.7879400000000001,0.77442,0.77112
gmean_all_metrics,0.7804,0.78064,0.78366,0.77026,0.81698,0.8339399999999999,0.81676,0.80616,0.7587,0.7936,0.7770400000000001,0.77952,0.79042,0.77704,0.77342
roc_auc,0.86022,0.85828,0.85762,0.8455199999999999,0.89366,0.8914,0.8846,0.88566,0.8523400000000001,0.8789200000000001,0.77678,0.8441199999999999,0.85168,0.85762,0.8745200000000001
accuracy,0.78154,0.7816600000000001,0.7851,0.77142,0.8184799999999999,0.8354800000000001,0.8185400000000002,0.8085000000000001,0.76136,0.79506,0.77814,0.78154,0.7916000000000001,0.77816,0.77476
