,Estim(XGBClassifier)_Imputer(IterativeImputer(<class 'sklearn.linear_model._bayes.BayesianRidge'>)),Estim(XGBClassifier)_Imputer(IterativeImputer(<class 'xgboost.sklearn.XGBRegressor'>)),Estim(XGBClassifier)_Imputer(IterativeImputer(<class 'sklearn.ensemble._forest.RandomForestRegressor'>)),Estim(XGBClassifier)_Imputer(KNNImputer),Estim(RandomForestClassifier)_Imputer(IterativeImputer(<class 'sklearn.linear_model._bayes.BayesianRidge'>)),Estim(RandomForestClassifier)_Imputer(IterativeImputer(<class 'xgboost.sklearn.XGBRegressor'>)),Estim(RandomForestClassifier)_Imputer(IterativeImputer(<class 'sklearn.ensemble._forest.RandomForestRegressor'>)),Estim(RandomForestClassifier)_Imputer(KNNImputer),Estim(<class 'new_base.ClassifierWithImputation'>)_Imputer(Identity),Uniform Model Averaging,<class 'sklearn.ensemble._stacking.StackingClassifier'>,<class 'new_models.DEWClassifier'>_top_1,<class 'new_models.DEWClassifier'>_top_3,<class 'new_models.DEWClassifier'>_top_5,<class 'new_models.DEWClassifier'>_top_None
sensitivity,0.6867599999999999,0.6936800000000001,0.745,0.73784,0.6862600000000001,0.68624,0.71506,0.73784,0.71614,0.7081999999999999,0.72302,0.72302,0.7378199999999999,0.7301599999999999,0.7299
specificity,0.7500199999999999,0.78126,0.7874800000000001,0.79374,0.86876,0.84374,0.8749800000000001,0.84374,0.79376,0.83126,0.79998,0.78124,0.8,0.78746,0.79998
ppv,0.7043600000000001,0.7409399999999999,0.75416,0.75726,0.82948,0.79208,0.8366,0.80816,0.7586600000000001,0.79248,0.7621399999999999,0.74694,0.7646999999999999,0.75236,0.76448
npv,0.73726,0.7476,0.78468,0.7795799999999999,0.76332,0.7602,0.782,0.7885800000000001,0.7678200000000001,0.76888,0.7704000000000001,0.7741,0.7839400000000001,0.7743,0.7769199999999999
gmean_sens_spec,0.7165800000000001,0.7336200000000002,0.76434,0.76434,0.7704,0.75972,0.79,0.7884399999999999,0.7508,0.7653599999999999,0.75952,0.7466600000000001,0.76582,0.7565000000000001,0.7622199999999999
gmean_all_metrics,0.71844,0.73856,0.76652,0.7662000000000001,0.7825,0.76762,0.79912,0.79314,0.7563600000000001,0.7725,0.7626600000000001,0.7527999999999999,0.76966,0.7595599999999999,0.7661
roc_auc,0.8123999999999999,0.84146,0.8438800000000001,0.8555600000000002,0.86606,0.85788,0.86392,0.85494,0.8322200000000001,0.86534,0.76154,0.82546,0.85074,0.86406,0.8718199999999999
accuracy,0.7207800000000001,0.74102,0.7679400000000001,0.76804,0.78492,0.77118,0.8015399999999999,0.7950999999999999,0.75792,0.77476,0.76464,0.7544000000000001,0.77132,0.7612,0.7679
