,Estim(XGBClassifier)_Imputer(IterativeImputer(<class 'sklearn.linear_model._bayes.BayesianRidge'>)),Estim(XGBClassifier)_Imputer(IterativeImputer(<class 'xgboost.sklearn.XGBRegressor'>)),Estim(XGBClassifier)_Imputer(IterativeImputer(<class 'sklearn.ensemble._forest.RandomForestRegressor'>)),Estim(XGBClassifier)_Imputer(KNNImputer),Estim(RandomForestClassifier)_Imputer(IterativeImputer(<class 'sklearn.linear_model._bayes.BayesianRidge'>)),Estim(RandomForestClassifier)_Imputer(IterativeImputer(<class 'xgboost.sklearn.XGBRegressor'>)),Estim(RandomForestClassifier)_Imputer(IterativeImputer(<class 'sklearn.ensemble._forest.RandomForestRegressor'>)),Estim(RandomForestClassifier)_Imputer(KNNImputer),Estim(<class 'new_base.ClassifierWithImputation'>)_Imputer(Identity),Uniform Model Averaging,<class 'sklearn.ensemble._stacking.StackingClassifier'>,<class 'new_models.DEWClassifier'>_top_1,<class 'new_models.DEWClassifier'>_top_3,<class 'new_models.DEWClassifier'>_top_5,<class 'new_models.DEWClassifier'>_top_None
sensitivity,0.7738,0.7809600000000001,0.74472,0.7523799999999999,0.7587200000000001,0.7515799999999999,0.7515799999999999,0.74418,0.7598,0.7587400000000001,0.7598,0.75186,0.7743399999999999,0.78176,0.78888
specificity,0.81874,0.82498,0.85626,0.85626,0.8375,0.84376,0.85,0.89376,0.83124,0.85624,0.83124,0.83124,0.8625,0.85,0.86876
ppv,0.78746,0.79992,0.8243,0.8222400000000001,0.81168,0.8154600000000001,0.8236600000000001,0.86966,0.7978,0.82764,0.79728,0.8008799999999999,0.83302,0.82112,0.84094
npv,0.80802,0.81484,0.7960200000000001,0.8009600000000001,0.8039400000000001,0.79828,0.8003199999999999,0.80432,0.8004199999999999,0.8061,0.80122,0.79488,0.81512,0.81814,0.8267599999999999
gmean_sens_spec,0.79582,0.80122,0.79714,0.8022,0.7942,0.79458,0.7968399999999999,0.8134,0.7944800000000001,0.8044,0.79432,0.7895800000000001,0.8170999999999999,0.8150000000000001,0.8276600000000001
gmean_all_metrics,0.79666,0.8039799999999999,0.80328,0.8066800000000001,0.8004199999999999,0.8002800000000001,0.80382,0.8242,0.79668,0.8102199999999999,0.79664,0.79344,0.8204600000000001,0.8172200000000001,0.8306199999999999
roc_auc,0.87216,0.89186,0.8800000000000001,0.88484,0.8937999999999999,0.89556,0.88574,0.89456,0.8806200000000001,0.9003,0.7955,0.87106,0.88498,0.88956,0.89872
accuracy,0.79814,0.80504,0.80514,0.8084199999999999,0.8017,0.8017200000000001,0.8051,0.8252,0.79844,0.8116999999999999,0.7982999999999999,0.7949599999999999,0.8219999999999998,0.81866,0.83206
