,Estim(XGBClassifier)_Imputer(IterativeImputer(<class 'sklearn.linear_model._bayes.BayesianRidge'>)),Estim(XGBClassifier)_Imputer(IterativeImputer(<class 'xgboost.sklearn.XGBRegressor'>)),Estim(XGBClassifier)_Imputer(IterativeImputer(<class 'sklearn.ensemble._forest.RandomForestRegressor'>)),Estim(XGBClassifier)_Imputer(KNNImputer),Estim(RandomForestClassifier)_Imputer(IterativeImputer(<class 'sklearn.linear_model._bayes.BayesianRidge'>)),Estim(RandomForestClassifier)_Imputer(IterativeImputer(<class 'xgboost.sklearn.XGBRegressor'>)),Estim(RandomForestClassifier)_Imputer(IterativeImputer(<class 'sklearn.ensemble._forest.RandomForestRegressor'>)),Estim(RandomForestClassifier)_Imputer(KNNImputer),Estim(<class 'new_base.ClassifierWithImputation'>)_Imputer(Identity),Uniform Model Averaging,<class 'sklearn.ensemble._stacking.StackingClassifier'>,<class 'new_models.DEWClassifier'>_top_1,<class 'new_models.DEWClassifier'>_top_3,<class 'new_models.DEWClassifier'>_top_5,<class 'new_models.DEWClassifier'>_top_None
sensitivity,0.61402,0.60634,0.6211599999999999,0.6356999999999999,0.59894,0.62698,0.61956,0.6066,0.57804,0.6349199999999999,0.6431199999999999,0.71536,0.67908,0.67144,0.70028
specificity,0.73126,0.73124,0.6812400000000001,0.7249800000000001,0.80626,0.78124,0.8125199999999999,0.78748,0.76876,0.78128,0.71874,0.75,0.7750199999999999,0.78126,0.7875
ppv,0.66446,0.6695800000000001,0.6277999999999999,0.6659400000000001,0.73112,0.7194800000000001,0.7443200000000001,0.71054,0.67898,0.7168,0.66308,0.7213,0.72836,0.72712,0.74202
npv,0.69232,0.6828200000000001,0.67764,0.69946,0.7014000000000001,0.71122,0.71886,0.70174,0.6830800000000001,0.71478,0.70324,0.7597600000000001,0.73962,0.73582,0.75458
gmean_sens_spec,0.66698,0.66344,0.6492600000000001,0.67814,0.69348,0.6970400000000001,0.70494,0.68998,0.66462,0.70306,0.6786,0.7269,0.7228999999999999,0.7232800000000001,0.7417
gmean_all_metrics,0.6722400000000001,0.66942,0.65064,0.68022,0.7044,0.7056199999999999,0.71754,0.69784,0.67266,0.7091999999999999,0.6806,0.7328399999999999,0.72798,0.7272000000000001,0.7447999999999999
roc_auc,0.7498199999999999,0.7653599999999999,0.7329600000000001,0.7633599999999999,0.7961,0.80026,0.76034,0.78096,0.7542800000000001,0.79118,0.68094,0.77372,0.7909799999999999,0.79866,0.80702
accuracy,0.67684,0.67374,0.6535,0.68374,0.7104600000000001,0.71026,0.7238399999999999,0.7039000000000001,0.68052,0.7137800000000001,0.68374,0.7341200000000001,0.73058,0.7306199999999999,0.7474200000000001
