,Estim(XGBClassifier)_Imputer(IterativeImputer(<class 'sklearn.linear_model._bayes.BayesianRidge'>)),Estim(XGBClassifier)_Imputer(IterativeImputer(<class 'xgboost.sklearn.XGBRegressor'>)),Estim(XGBClassifier)_Imputer(IterativeImputer(<class 'sklearn.ensemble._forest.RandomForestRegressor'>)),Estim(XGBClassifier)_Imputer(KNNImputer),Estim(RandomForestClassifier)_Imputer(IterativeImputer(<class 'sklearn.linear_model._bayes.BayesianRidge'>)),Estim(RandomForestClassifier)_Imputer(IterativeImputer(<class 'xgboost.sklearn.XGBRegressor'>)),Estim(RandomForestClassifier)_Imputer(IterativeImputer(<class 'sklearn.ensemble._forest.RandomForestRegressor'>)),Estim(RandomForestClassifier)_Imputer(KNNImputer),Estim(<class 'new_base.ClassifierWithImputation'>)_Imputer(Identity),Uniform Model Averaging,<class 'sklearn.ensemble._stacking.StackingClassifier'>,<class 'new_models.DEWClassifier'>_top_1,<class 'new_models.DEWClassifier'>_top_3,<class 'new_models.DEWClassifier'>_top_5,<class 'new_models.DEWClassifier'>_top_None
sensitivity,0.72302,0.75952,0.74524,0.75158,0.74498,0.72358,0.75264,0.73018,0.75186,0.76666,0.75158,0.75212,0.75952,0.75926,0.75186
specificity,0.79374,0.82498,0.83126,0.7562599999999999,0.81874,0.84376,0.8499800000000001,0.8125,0.7874800000000001,0.8312799999999999,0.75,0.7375,0.79376,0.80626,0.77498
ppv,0.7477600000000001,0.7917599999999999,0.7961,0.7275,0.7891199999999999,0.8123400000000001,0.8156599999999999,0.7848200000000001,0.76824,0.8103999999999999,0.7218,0.71356,0.76718,0.7818800000000001,0.74868
npv,0.77486,0.7998200000000001,0.7919999999999999,0.78262,0.78764,0.7823399999999999,0.80236,0.78028,0.78586,0.8067,0.78128,0.78088,0.7970200000000001,0.79766,0.78716
gmean_sens_spec,0.75588,0.7910799999999999,0.7862799999999999,0.7525599999999999,0.7798799999999999,0.7789,0.7982199999999999,0.76698,0.7662599999999999,0.79582,0.74954,0.74226,0.7741,0.7801600000000001,0.7609199999999999
gmean_all_metrics,0.7584,0.7933,0.78992,0.7533799999999999,0.78374,0.7871600000000001,0.80328,0.77392,0.77104,0.80144,0.7501,0.74404,0.77746,0.78426,0.76384
roc_auc,0.83826,0.8469200000000001,0.84182,0.82096,0.8671,0.8569000000000001,0.86852,0.8642800000000002,0.8373200000000001,0.86676,0.7507999999999999,0.83004,0.8434200000000001,0.85214,0.8625599999999999
accuracy,0.7611600000000001,0.7949400000000001,0.7917200000000001,0.7543,0.78498,0.78836,0.8051999999999999,0.7748800000000001,0.7716000000000001,0.80182,0.7509,0.74438,0.7781,0.78476,0.7645799999999999
