,Estim(XGBClassifier)_Imputer(IterativeImputer(<class 'sklearn.linear_model._bayes.BayesianRidge'>)),Estim(XGBClassifier)_Imputer(IterativeImputer(<class 'xgboost.sklearn.XGBRegressor'>)),Estim(XGBClassifier)_Imputer(IterativeImputer(<class 'sklearn.ensemble._forest.RandomForestRegressor'>)),Estim(XGBClassifier)_Imputer(KNNImputer),Estim(RandomForestClassifier)_Imputer(IterativeImputer(<class 'sklearn.linear_model._bayes.BayesianRidge'>)),Estim(RandomForestClassifier)_Imputer(IterativeImputer(<class 'xgboost.sklearn.XGBRegressor'>)),Estim(RandomForestClassifier)_Imputer(IterativeImputer(<class 'sklearn.ensemble._forest.RandomForestRegressor'>)),Estim(RandomForestClassifier)_Imputer(KNNImputer),Estim(<class 'new_base.ClassifierWithImputation'>)_Imputer(Identity),Uniform Model Averaging,<class 'sklearn.ensemble._stacking.StackingClassifier'>,dew_top_1,dew_top_3,dew_top_5,dew_top_None
sensitivity,0.5987,0.65522,0.62456,0.60182,0.45172,0.49072000000000005,0.48267999999999994,0.38270000000000004,0.6042,0.59302,0.64778,0.61668,0.61416,0.60124,0.5997200000000001
specificity,0.7892800000000001,0.8210000000000001,0.8127799999999998,0.80806,0.82402,0.8264400000000001,0.8160399999999999,0.8775600000000001,0.80732,0.859,0.79798,0.7731600000000001,0.80586,0.8232800000000001,0.8317599999999998
ppv,0.69892,0.74898,0.7308999999999999,0.7187,0.6786199999999999,0.69848,0.68276,0.7189800000000001,0.71876,0.7744199999999999,0.72342,0.6898,0.72136,0.7359399999999999,0.7445600000000001
npv,0.7071400000000001,0.74516,0.72668,0.7137,0.64872,0.66606,0.65988,0.63594,0.71472,0.7216400000000001,0.73602,0.7126999999999999,0.71984,0.71742,0.71886
gmean_sens_spec,0.6872999999999999,0.7333999999999999,0.71248,0.6972799999999999,0.6094999999999999,0.6363399999999999,0.62676,0.5791,0.6983599999999999,0.7137,0.71862,0.69004,0.70306,0.70312,0.7058199999999999
gmean_all_metrics,0.6950799999999999,0.7402200000000001,0.7205799999999999,0.7066399999999999,0.63582,0.65872,0.6485,0.6256999999999999,0.70748,0.7303999999999999,0.7241,0.69554,0.7117000000000001,0.7147,0.7185400000000002
roc_auc,0.7753599999999999,0.82696,0.80824,0.78956,0.70956,0.73324,0.7230800000000001,0.7205,0.7928599999999999,0.81606,0.80654,0.7712600000000001,0.79674,0.79924,0.80206
accuracy,0.70374,0.74658,0.7283200000000001,0.71548,0.65692,0.6757600000000001,0.6664399999999999,0.6554599999999999,0.7161799999999999,0.73966,0.73058,0.70294,0.71984,0.72366,0.7276400000000001
