,Estim(XGBClassifier)_Imputer(IterativeImputer(<class 'sklearn.linear_model._bayes.BayesianRidge'>)),Estim(XGBClassifier)_Imputer(IterativeImputer(<class 'xgboost.sklearn.XGBRegressor'>)),Estim(XGBClassifier)_Imputer(IterativeImputer(<class 'sklearn.ensemble._forest.RandomForestRegressor'>)),Estim(XGBClassifier)_Imputer(KNNImputer),Estim(RandomForestClassifier)_Imputer(IterativeImputer(<class 'sklearn.linear_model._bayes.BayesianRidge'>)),Estim(RandomForestClassifier)_Imputer(IterativeImputer(<class 'xgboost.sklearn.XGBRegressor'>)),Estim(RandomForestClassifier)_Imputer(IterativeImputer(<class 'sklearn.ensemble._forest.RandomForestRegressor'>)),Estim(RandomForestClassifier)_Imputer(KNNImputer),Estim(<class 'new_base.ClassifierWithImputation'>)_Imputer(Identity),Uniform Model Averaging,<class 'sklearn.ensemble._stacking.StackingClassifier'>,dew_top_1,dew_top_3,dew_top_5,dew_top_None
sensitivity,0.6616,0.70118,0.67306,0.6843600000000001,0.47538,0.51286,0.4828,0.47969999999999996,0.65744,0.64956,0.70952,0.6442,0.6492600000000001,0.63988,0.6352800000000001
specificity,0.8189399999999999,0.8431599999999999,0.83736,0.84026,0.8218400000000001,0.8316600000000001,0.8350199999999999,0.8577,0.81942,0.8744999999999999,0.829,0.8466800000000001,0.8653000000000001,0.87536,0.8778
ppv,0.7487,0.7845599999999999,0.7712600000000001,0.77738,0.6855,0.7129800000000001,0.7056,0.7340399999999999,0.7478999999999999,0.80838,0.7719600000000001,0.77412,0.7977000000000001,0.8079599999999999,0.80962
npv,0.74832,0.77608,0.75884,0.76582,0.6580199999999999,0.67712,0.66474,0.6694599999999999,0.74604,0.7539800000000001,0.7784200000000001,0.7453000000000001,0.75202,0.7492,0.7473799999999999
gmean_sens_spec,0.73602,0.76888,0.7506600000000001,0.75826,0.62492,0.65296,0.6348,0.64118,0.73396,0.7536800000000001,0.76668,0.73834,0.7493399999999999,0.74822,0.74654
gmean_all_metrics,0.74224,0.77458,0.7578400000000001,0.7649,0.6478200000000001,0.67352,0.6593,0.67038,0.7404200000000001,0.7670999999999999,0.7708799999999999,0.74882,0.76178,0.76294,0.762
roc_auc,0.8313,0.8629999999999999,0.8431000000000001,0.8510199999999999,0.72988,0.75126,0.7421800000000001,0.7519,0.8317800000000002,0.85466,0.8581,0.82584,0.85052,0.8528,0.85006
accuracy,0.74834,0.7794399999999999,0.76364,0.7703,0.66636,0.68858,0.6769800000000001,0.68804,0.7467600000000001,0.77356,0.77538,0.7558,0.76836,0.7697,0.7689600000000001
